2007-01-01 20:03:16,1.3237,1.3237,1.3238,1.3236,0.0005
2007-01-01 20:06:38,1.3236,1.3236,1.3237,1.3235,0.0003
2007-01-01 20:09:26,1.3235,1.3235,1.3236,1.3233,0.0003
2007-01-01 20:12:20,1.3236,1.3237,1.3237,1.3235,0.0003
2007-01-01 20:15:11,1.3236,1.3236,1.3237,1.3235,0.0003
2007-01-01 20:18:31,1.3235,1.3237,1.3237,1.3235,0.0003
2007-01-01 20:21:01,1.3236,1.3233,1.3237,1.3232,0.0003
2007-01-01 20:24:10,1.3232,1.3234,1.3234,1.3232,0.0003
2007-01-01 20:27:51,1.3233,1.3235,1.3235,1.3233,0.0003
2007-01-01 20:30:06,1.3234,1.3233,1.3235,1.3232,0.0003
2007-01-01 20:33:00,1.3232,1.3233,1.3234,1.3232,0.0003
2007-01-01 20:36:33,1.3232,1.3231,1.3233,1.3231,0.0003
2007-01-01 20:39:17,1.3232,1.3231,1.3232,1.3229,0.0003
2007-01-01 20:42:29,1.3232,1.3232,1.3232,1.3229,0.0003
2007-01-01 20:46:20,1.3231,1.3232,1.3232,1.323,0.0003
2007-01-01 20:49:03,1.3233,1.3235,1.3235,1.3232,0.0003
2007-01-01 20:52:15,1.3234,1.3235,1.3235,1.3232,0.0003
2007-01-01 20:55:02,1.3236,1.3232,1.3236,1.3231,0.0003
2007-01-01 20:58:54,1.3231,1.3232,1.3233,1.3231,0.0003
2007-01-01 21:00:17,1.3231,1.3231,1.3233,1.323,0.0003
2007-01-01 21:03:03,1.3232,1.3232,1.3233,1.3229,0.0003
2007-01-01 21:06:00,1.3233,1.3237,1.3238,1.3232,0.0003
2007-01-01 21:12:51,1.3236,1.3236,1.3237,1.3236,0.0003
2007-01-01 21:16:21,1.3237,1.3237,1.3237,1.3236,0.0003
2007-01-01 21:19:35,1.3236,1.3236,1.3237,1.3236,0.0003
2007-01-01 21:22:46,1.3237,1.3239,1.3239,1.3236,0.0003
2007-01-01 21:30:59,1.324,1.3241,1.3241,1.3239,0.0003
2007-01-01 21:35:17,1.324,1.3239,1.3241,1.3239,0.0003
2007-01-01 21:38:59,1.324,1.324,1.324,1.3239,0.0003
2007-01-01 21:43:58,1.3239,1.3239,1.324,1.3239,0.0003
2007-01-01 21:46:45,1.324,1.3239,1.3241,1.3239,0.0003
2007-01-01 21:50:09,1.324,1.3238,1.324,1.3238,0.0003
2007-01-01 21:54:00,1.3239,1.324,1.324,1.3238,0.0003
2007-01-01 22:01:16,1.3241,1.3241,1.3241,1.324,0.0003
2007-01-01 22:05:16,1.324,1.324,1.3241,1.324,0.0003
2007-01-01 22:11:00,1.3241,1.324,1.3241,1.3239,0.0003
2007-01-01 22:15:58,1.3239,1.3239,1.324,1.3238,0.0003
2007-01-01 22:23:40,1.3238,1.3239,1.324,1.3238,0.0003
2007-01-01 22:28:02,1.3238,1.3238,1.3239,1.3238,0.0003
2007-01-01 22:31:34,1.3237,1.3238,1.3238,1.3237,0.0003
2007-01-01 22:35:51,1.3239,1.3241,1.3241,1.3238,0.0003
2007-01-01 22:39:34,1.324,1.3239,1.3241,1.3239,0.0003
2007-01-01 22:42:44,1.3238,1.3237,1.3239,1.3237,0.0003
2007-01-01 22:46:54,1.3238,1.3238,1.3238,1.3237,0.0003
2007-01-01 22:50:30,1.3239,1.324,1.324,1.3238,0.0003
2007-01-01 22:56:04,1.3239,1.324,1.3241,1.3239,0.0003
2007-01-01 23:00:43,1.3241,1.3239,1.3241,1.3239,0.0003
2007-01-01 23:04:21,1.3238,1.3238,1.3239,1.3238,0.0003
2007-01-01 23:07:54,1.3239,1.3239,1.3239,1.3238,0.0003
2007-01-01 23:10:04,1.324,1.3239,1.324,1.3238,0.0003
2007-01-01 23:13:00,1.3238,1.3238,1.3239,1.3238,0.0003
2007-01-01 23:16:20,1.3239,1.3239,1.3239,1.3238,0.0003
2007-01-01 23:22:14,1.3238,1.3239,1.3239,1.3238,0.0003
2007-01-01 23:27:20,1.3238,1.324,1.324,1.3238,0.0003
2007-01-01 23:30:30,1.3239,1.3241,1.3241,1.3239,0.0003
2007-01-01 23:34:25,1.324,1.3239,1.3241,1.3239,0.0003
2007-01-01 23:39:35,1.324,1.3241,1.3241,1.3239,0.0003
2007-01-01 23:44:23,1.324,1.3239,1.3241,1.3239,0.0003
2007-01-01 23:49:06,1.324,1.3239,1.324,1.3239,0.0003
2007-01-01 23:52:17,1.324,1.3239,1.324,1.3239,0.0003
2007-01-01 23:55:12,1.324,1.324,1.3241,1.3239,0.0003
2007-01-02 00:01:58,1.3241,1.324,1.3241,1.324,0.0003
2007-01-02 00:05:17,1.3239,1.3239,1.324,1.3239,0.0003
2007-01-02 00:10:15,1.324,1.3239,1.324,1.3237,0.0003
2007-01-02 00:14:55,1.324,1.3239,1.324,1.3239,0.0003
2007-01-02 00:20:12,1.324,1.3238,1.324,1.3238,0.0003
2007-01-02 00:24:08,1.3239,1.3239,1.3239,1.3238,0.0003
2007-01-02 00:27:24,1.3238,1.324,1.324,1.3238,0.0003
2007-01-02 00:30:02,1.3239,1.324,1.3241,1.3239,0.0003
2007-01-02 00:33:44,1.3241,1.3238,1.3241,1.3238,0.0003
2007-01-02 00:36:11,1.3239,1.3235,1.3239,1.3235,0.0003
2007-01-02 00:39:03,1.3236,1.3238,1.3238,1.3235,0.0003
2007-01-02 00:42:56,1.3239,1.3239,1.3239,1.3237,0.0003
2007-01-02 00:45:31,1.324,1.3241,1.3241,1.3238,0.0003
2007-01-02 00:48:02,1.324,1.3241,1.3241,1.324,0.0003
2007-01-02 00:51:31,1.3242,1.3242,1.3242,1.3241,0.0003
2007-01-02 00:56:33,1.3241,1.3241,1.3242,1.3241,0.0003
2007-01-02 01:01:55,1.3242,1.3241,1.3242,1.3241,0.0003
2007-01-02 01:06:03,1.3242,1.3243,1.3243,1.3241,0.0003
2007-01-02 01:09:06,1.3242,1.3244,1.3244,1.3242,0.0003
2007-01-02 01:12:55,1.3243,1.3243,1.3244,1.3243,0.0003
2007-01-02 01:16:18,1.3244,1.3244,1.3244,1.3243,0.0003
2007-01-02 01:19:09,1.3243,1.3243,1.3244,1.3243,0.0003
2007-01-02 01:23:34,1.3242,1.3241,1.3243,1.3241,0.0003
2007-01-02 01:26:26,1.3242,1.3243,1.3243,1.3241,0.0003
2007-01-02 01:29:09,1.3242,1.3244,1.3244,1.3242,0.0003
2007-01-02 01:37:29,1.3243,1.3242,1.3245,1.3242,0.0003
2007-01-02 01:40:17,1.3243,1.3242,1.3243,1.3241,0.0003
2007-01-02 01:44:08,1.3243,1.3241,1.3244,1.3241,0.0003
2007-01-02 01:47:07,1.3242,1.324,1.3242,1.3239,0.0003
2007-01-02 01:50:09,1.3241,1.3238,1.3242,1.3238,0.0003
2007-01-02 01:53:10,1.3237,1.3238,1.324,1.3237,0.0003
2007-01-02 01:56:00,1.3239,1.3237,1.3239,1.3237,0.0003
2007-01-02 01:59:03,1.3238,1.3236,1.3238,1.3236,0.0003
2007-01-02 02:00:05,1.3237,1.3234,1.3237,1.3233,0.0003
2007-01-02 02:03:00,1.3235,1.3238,1.3239,1.3234,0.0003
2007-01-02 02:06:03,1.3239,1.3237,1.3242,1.3235,0.0003
2007-01-02 02:09:59,1.3236,1.3237,1.3238,1.3235,0.0003
2007-01-02 02:12:53,1.3238,1.324,1.3241,1.3237,0.0003
2007-01-02 02:15:01,1.3239,1.3243,1.3244,1.3239,0.0003
2007-01-02 02:19:21,1.3244,1.3242,1.3244,1.3242,0.0003
2007-01-02 02:22:47,1.3243,1.3241,1.3243,1.324,0.0003
2007-01-02 02:25:00,1.3243,1.3247,1.3247,1.3241,0.0003
2007-01-02 02:28:08,1.3246,1.3245,1.3247,1.3244,0.0003
2007-01-02 02:31:30,1.3246,1.325,1.3251,1.3245,0.0003
2007-01-02 02:34:00,1.3251,1.3253,1.3254,1.3249,0.0003
2007-01-02 02:37:03,1.3252,1.3259,1.3261,1.3252,0.0003
2007-01-02 02:40:17,1.326,1.326,1.326,1.3258,0.0003
2007-01-02 02:43:15,1.3261,1.3261,1.3261,1.3258,0.0003
2007-01-02 02:46:00,1.326,1.3266,1.3268,1.326,0.0003
2007-01-02 02:49:00,1.3267,1.3269,1.327,1.3265,0.0003
2007-01-02 02:52:10,1.327,1.3268,1.3273,1.3264,0.0003
2007-01-02 02:55:01,1.3267,1.3268,1.3268,1.3266,0.0003
2007-01-02 02:58:00,1.3267,1.3265,1.3268,1.3264,0.0003
2007-01-02 03:00:02,1.3264,1.3265,1.3266,1.3264,0.0003
2007-01-02 03:03:07,1.3264,1.326,1.3267,1.326,0.0003
2007-01-02 03:06:39,1.3261,1.3259,1.3262,1.3259,0.0003
2007-01-02 03:09:16,1.326,1.3258,1.3264,1.3258,0.0003
2007-01-02 03:12:03,1.3259,1.3254,1.3259,1.3254,0.0003
2007-01-02 03:15:02,1.3255,1.3253,1.3255,1.3253,0.0003
2007-01-02 03:18:00,1.3254,1.3258,1.3258,1.3253,0.0003
2007-01-02 03:21:03,1.3257,1.3259,1.326,1.3257,0.0003
2007-01-02 03:24:02,1.326,1.3259,1.326,1.3256,0.0003
2007-01-02 03:27:06,1.3258,1.327,1.3272,1.3258,0.0003
2007-01-02 03:30:02,1.3269,1.328,1.328,1.3269,0.0003
2007-01-02 03:33:00,1.3281,1.3277,1.3284,1.3277,0.0003
2007-01-02 03:36:01,1.3278,1.3283,1.3285,1.3277,0.0003
2007-01-02 03:39:15,1.3282,1.3278,1.3283,1.3277,0.0003
2007-01-02 03:42:00,1.3279,1.3278,1.3279,1.3277,0.0003
2007-01-02 03:45:07,1.3277,1.3279,1.328,1.3277,0.0003
2007-01-02 03:48:11,1.328,1.328,1.3281,1.3278,0.0003
2007-01-02 03:51:10,1.3281,1.3277,1.3281,1.3277,0.0003
2007-01-02 03:54:07,1.3276,1.3275,1.3278,1.3275,0.0003
2007-01-02 03:57:02,1.3276,1.3269,1.3277,1.3268,0.0003
2007-01-02 04:00:03,1.3267,1.3276,1.3277,1.3267,0.0003
2007-01-02 04:03:15,1.3275,1.3275,1.3279,1.3274,0.0003
2007-01-02 04:06:08,1.3276,1.3274,1.3276,1.3273,0.0003
2007-01-02 04:09:03,1.3273,1.3275,1.3275,1.3272,0.0003
2007-01-02 04:12:18,1.3274,1.3271,1.3275,1.327,0.0003
2007-01-02 04:15:00,1.3272,1.3269,1.3272,1.3269,0.0003
2007-01-02 04:18:08,1.327,1.3273,1.3275,1.3269,0.0003
2007-01-02 04:21:03,1.3274,1.3272,1.3275,1.3269,0.0003
2007-01-02 04:24:03,1.3273,1.3272,1.3273,1.327,0.0003
2007-01-02 04:27:02,1.3273,1.3278,1.328,1.3271,0.0003
2007-01-02 04:30:01,1.3277,1.328,1.3281,1.3276,0.0003
2007-01-02 04:34:10,1.3279,1.3278,1.328,1.3277,0.0003
2007-01-02 04:37:03,1.3279,1.3277,1.328,1.3276,0.0003
2007-01-02 04:40:16,1.3278,1.3278,1.328,1.3277,0.0003
2007-01-02 04:43:35,1.3279,1.3279,1.3279,1.3277,0.0003
2007-01-02 04:46:42,1.3278,1.3278,1.3279,1.3278,0.0003
2007-01-02 04:49:24,1.3279,1.3278,1.3279,1.3278,0.0003
2007-01-02 04:52:13,1.3279,1.3278,1.3279,1.3277,0.0003
2007-01-02 04:55:00,1.3277,1.3277,1.3278,1.3277,0.0003
2007-01-02 04:58:00,1.3278,1.3277,1.3278,1.3277,0.0003
2007-01-02 05:00:02,1.3278,1.3278,1.3279,1.3277,0.0003
2007-01-02 05:03:23,1.3279,1.3286,1.3289,1.3278,0.0003
2007-01-02 05:06:07,1.3287,1.329,1.329,1.3285,0.0003
2007-01-02 05:09:01,1.3289,1.3287,1.329,1.3286,0.0003
2007-01-02 05:12:10,1.3286,1.3285,1.3288,1.3285,0.0003
2007-01-02 05:15:06,1.3286,1.3288,1.3288,1.3285,0.0003
2007-01-02 05:18:24,1.3287,1.3284,1.3288,1.3284,0.0003
2007-01-02 05:21:18,1.3283,1.3285,1.3286,1.3283,0.0003
2007-01-02 05:24:03,1.3284,1.3283,1.3285,1.3283,0.0003
2007-01-02 05:27:10,1.3284,1.3281,1.3284,1.3279,0.0003
2007-01-02 05:30:05,1.3282,1.3283,1.3283,1.3279,0.0003
2007-01-02 05:33:13,1.3284,1.3284,1.3287,1.3283,0.0003
2007-01-02 05:36:01,1.3285,1.329,1.329,1.3284,0.0003
2007-01-02 05:39:07,1.3289,1.3288,1.329,1.3286,0.0003
2007-01-02 05:42:04,1.3287,1.3288,1.3289,1.3286,0.0003
2007-01-02 05:46:24,1.3287,1.3288,1.3288,1.3286,0.0003
2007-01-02 05:49:06,1.3289,1.3285,1.3289,1.3284,0.0003
2007-01-02 05:52:21,1.3284,1.3281,1.3285,1.328,0.0003
2007-01-02 05:55:32,1.328,1.3279,1.3282,1.3279,0.0003
2007-01-02 05:58:05,1.328,1.3277,1.328,1.3277,0.0003
2007-01-02 06:00:03,1.3278,1.3281,1.3282,1.3277,0.0003
2007-01-02 06:03:18,1.3282,1.3279,1.3282,1.3279,0.0003
2007-01-02 06:06:15,1.328,1.3273,1.3281,1.3273,0.0003
2007-01-02 06:09:00,1.3274,1.3275,1.3275,1.3273,0.0003
2007-01-02 06:12:14,1.3274,1.3273,1.3275,1.3272,0.0003
2007-01-02 06:15:17,1.3272,1.3273,1.3273,1.3272,0.0003
2007-01-02 06:18:05,1.3272,1.3274,1.3274,1.3272,0.0003
2007-01-02 06:21:03,1.3275,1.3276,1.3277,1.3274,0.0003
2007-01-02 06:24:03,1.3275,1.3273,1.3276,1.3273,0.0003
2007-01-02 06:27:06,1.3274,1.327,1.3275,1.327,0.0003
2007-01-02 06:30:08,1.3271,1.3269,1.3272,1.3267,0.0003
2007-01-02 06:33:30,1.327,1.327,1.327,1.3269,0.0003
2007-01-02 06:36:18,1.3269,1.3276,1.3278,1.3269,0.0003
2007-01-02 06:39:20,1.3275,1.3272,1.3276,1.3269,0.0003
2007-01-02 06:42:02,1.3271,1.3272,1.3274,1.3271,0.0003
2007-01-02 06:45:15,1.3273,1.3273,1.3273,1.3271,0.0003
2007-01-02 06:48:19,1.3274,1.3272,1.3274,1.3272,0.0003
2007-01-02 06:51:08,1.3273,1.3272,1.3273,1.3272,0.0003
2007-01-02 06:54:08,1.3273,1.3273,1.3273,1.3272,0.0003
2007-01-02 06:58:02,1.3272,1.3273,1.3274,1.3272,0.0003
2007-01-02 07:00:15,1.3272,1.327,1.3273,1.327,0.0003
2007-01-02 07:03:03,1.3271,1.3268,1.3271,1.3268,0.0003
2007-01-02 07:06:41,1.3267,1.3269,1.327,1.3266,0.0003
2007-01-02 07:09:00,1.3268,1.3269,1.327,1.3268,0.0003
2007-01-02 07:12:18,1.327,1.3269,1.327,1.3269,0.0003
2007-01-02 07:15:21,1.327,1.3271,1.3272,1.3269,0.0003
2007-01-02 07:18:14,1.3272,1.3272,1.3273,1.3271,0.0003
2007-01-02 07:21:21,1.3273,1.3273,1.3273,1.3272,0.0003
2007-01-02 07:24:14,1.3274,1.3274,1.3275,1.3273,0.0003
2007-01-02 07:27:05,1.3273,1.3273,1.3274,1.3273,0.0003
2007-01-02 07:30:07,1.3274,1.3273,1.3275,1.3273,0.0003
2007-01-02 07:33:14,1.3274,1.3275,1.3275,1.3273,0.0003
2007-01-02 07:36:04,1.3274,1.3277,1.3277,1.3274,0.0003
2007-01-02 07:39:28,1.3276,1.3277,1.3279,1.3276,0.0003
2007-01-02 07:42:04,1.3276,1.3275,1.3277,1.3275,0.0003
2007-01-02 07:45:00,1.3276,1.3275,1.3276,1.3275,0.0003
2007-01-02 07:48:10,1.3276,1.3276,1.3277,1.3275,0.0003
2007-01-02 07:51:01,1.3277,1.3277,1.3278,1.3276,0.0003
2007-01-02 07:54:00,1.3278,1.3276,1.3278,1.3275,0.0003
2007-01-02 07:57:10,1.3277,1.3276,1.3277,1.3276,0.0003
2007-01-02 08:00:14,1.3277,1.3278,1.3278,1.3275,0.0003
2007-01-02 08:03:02,1.3277,1.3278,1.3278,1.3276,0.0003
2007-01-02 08:06:51,1.3277,1.3275,1.3278,1.3275,0.0003
2007-01-02 08:09:13,1.3274,1.3272,1.3275,1.3271,0.0003
2007-01-02 08:12:05,1.3271,1.3271,1.3273,1.327,0.0003
2007-01-02 08:15:06,1.3272,1.3271,1.3272,1.327,0.0003
2007-01-02 08:18:28,1.3272,1.3274,1.3276,1.327,0.0003
2007-01-02 08:21:00,1.3275,1.3279,1.328,1.3274,0.0003
2007-01-02 08:24:05,1.328,1.3276,1.3282,1.3275,0.0003
2007-01-02 08:27:03,1.3277,1.3275,1.3278,1.3275,0.0003
2007-01-02 08:30:09,1.3276,1.3275,1.3278,1.3271,0.0003
2007-01-02 08:33:03,1.3274,1.328,1.3281,1.3274,0.0003
2007-01-02 08:36:19,1.3281,1.3281,1.3284,1.328,0.0003
2007-01-02 08:39:09,1.3282,1.3283,1.3283,1.3281,0.0003
2007-01-02 08:42:01,1.3282,1.3288,1.3294,1.3282,0.0003
2007-01-02 08:45:00,1.3289,1.3296,1.3296,1.3288,0.0003
2007-01-02 08:48:00,1.3297,1.3296,1.3298,1.3295,0.0003
2007-01-02 08:51:09,1.3295,1.3292,1.3296,1.3291,0.0003
2007-01-02 08:54:13,1.3293,1.3294,1.3294,1.3289,0.0003
2007-01-02 08:57:04,1.3293,1.3295,1.3295,1.3289,0.0003
2007-01-02 09:00:01,1.3294,1.3293,1.3295,1.3292,0.0003
2007-01-02 09:03:01,1.3292,1.329,1.3293,1.3288,0.0003
2007-01-02 09:06:17,1.3289,1.3286,1.329,1.3286,0.0003
2007-01-02 09:09:51,1.3287,1.3286,1.3287,1.3286,0.0003
2007-01-02 09:12:35,1.3287,1.3288,1.3288,1.3286,0.0003
2007-01-02 09:15:02,1.3287,1.3286,1.3288,1.3286,0.0003
2007-01-02 09:18:17,1.3285,1.3287,1.3287,1.3284,0.0003
2007-01-02 09:21:08,1.3286,1.3289,1.3289,1.3286,0.0003
2007-01-02 09:24:03,1.3288,1.3288,1.3292,1.3288,0.0003
2007-01-02 09:27:06,1.3287,1.3285,1.3288,1.3285,0.0003
2007-01-02 09:30:08,1.3287,1.3289,1.3289,1.3285,0.0003
2007-01-02 09:34:48,1.3288,1.3288,1.329,1.3287,0.0003
2007-01-02 09:38:55,1.3289,1.3286,1.3289,1.3286,0.0003
2007-01-02 09:41:00,1.3287,1.3286,1.3287,1.3286,0.0003
2007-01-02 09:44:02,1.3287,1.3288,1.3289,1.3286,0.0003
2007-01-02 09:48:43,1.3289,1.3286,1.3289,1.3286,0.0003
2007-01-02 09:51:59,1.3285,1.3285,1.3287,1.3285,0.0003
2007-01-02 09:54:23,1.3286,1.3287,1.3287,1.3285,0.0003
2007-01-02 09:57:34,1.3286,1.3285,1.3288,1.3285,0.0003
2007-01-02 10:00:17,1.3286,1.3286,1.3286,1.3284,0.0003
2007-01-02 10:03:06,1.3285,1.3276,1.3286,1.3276,0.0003
2007-01-02 10:06:10,1.3277,1.3278,1.3278,1.3275,0.0003
2007-01-02 10:09:09,1.3279,1.3275,1.328,1.3275,0.0003
2007-01-02 10:12:02,1.3276,1.3273,1.3278,1.3273,0.0003
2007-01-02 10:15:04,1.3272,1.3277,1.3277,1.3272,0.0003
2007-01-02 10:18:28,1.3276,1.3273,1.3277,1.327,0.0003
2007-01-02 10:21:00,1.3274,1.3274,1.3275,1.3273,0.0003
2007-01-02 10:24:07,1.3275,1.3278,1.3279,1.3274,0.0003
2007-01-02 10:27:02,1.3279,1.3279,1.3281,1.3278,0.0003
2007-01-02 10:30:03,1.328,1.3279,1.328,1.3278,0.0003
2007-01-02 10:33:00,1.3278,1.3275,1.3279,1.3273,0.0003
2007-01-02 10:36:06,1.3274,1.3275,1.3275,1.3273,0.0003
2007-01-02 10:39:18,1.3274,1.3276,1.3276,1.3274,0.0003
2007-01-02 10:42:02,1.3277,1.3274,1.3278,1.3274,0.0003
2007-01-02 10:45:11,1.3275,1.3272,1.3276,1.3271,0.0003
2007-01-02 10:48:04,1.3271,1.3273,1.3273,1.3271,0.0003
2007-01-02 10:53:12,1.3274,1.3273,1.3274,1.3272,0.0003
2007-01-02 10:56:10,1.3272,1.3274,1.3275,1.3272,0.0003
2007-01-02 10:59:10,1.3275,1.3278,1.3278,1.3274,0.0003
2007-01-02 11:00:01,1.3279,1.3279,1.3279,1.3278,0.0003
2007-01-02 11:03:05,1.3278,1.3285,1.3286,1.3278,0.0003
2007-01-02 11:06:14,1.3284,1.3284,1.3288,1.3283,0.0003
2007-01-02 11:09:04,1.3283,1.3284,1.3284,1.3282,0.0003
2007-01-02 11:12:06,1.3283,1.3282,1.3284,1.3282,0.0003
2007-01-02 11:15:04,1.3283,1.3286,1.3287,1.3282,0.0003
2007-01-02 11:18:00,1.3287,1.3289,1.3289,1.3283,0.0003
2007-01-02 11:21:07,1.3288,1.329,1.3291,1.3288,0.0003
2007-01-02 11:24:02,1.3289,1.3288,1.329,1.3287,0.0003
2007-01-02 11:27:39,1.3289,1.3287,1.3292,1.3286,0.0003
2007-01-02 11:30:02,1.3286,1.3288,1.3288,1.3284,0.0003
2007-01-02 11:33:45,1.3287,1.3284,1.3288,1.3284,0.0003
2007-01-02 11:37:33,1.3283,1.3286,1.3286,1.3283,0.0003
2007-01-02 11:40:00,1.3285,1.3285,1.3286,1.3284,0.0003
2007-01-02 11:43:15,1.3286,1.3285,1.3287,1.3284,0.0003
2007-01-02 11:46:22,1.3286,1.3286,1.3286,1.3284,0.0003
2007-01-02 11:50:12,1.3287,1.3286,1.3287,1.3286,0.0003
2007-01-02 11:54:08,1.3287,1.3289,1.3289,1.3286,0.0003
2007-01-02 11:57:04,1.3288,1.3288,1.3291,1.3288,0.0003
2007-01-02 12:00:17,1.3289,1.3286,1.3289,1.3286,0.0003
2007-01-02 12:03:11,1.3285,1.3284,1.3286,1.3284,0.0003
2007-01-02 12:06:28,1.3285,1.3286,1.3286,1.3284,0.0003
2007-01-02 12:09:05,1.3285,1.3286,1.3286,1.3285,0.0003
2007-01-02 12:12:01,1.3285,1.3286,1.3287,1.3285,0.0003
2007-01-02 12:15:10,1.3287,1.3288,1.3288,1.3286,0.0003
2007-01-02 12:18:07,1.3287,1.3288,1.3288,1.3286,0.0003
2007-01-02 12:21:56,1.3287,1.3288,1.3289,1.3287,0.0003
2007-01-02 12:24:30,1.3289,1.3288,1.329,1.3288,0.0003
2007-01-02 12:27:12,1.3289,1.3288,1.3289,1.3288,0.0003
2007-01-02 12:30:01,1.3289,1.3288,1.3289,1.3288,0.0003
2007-01-02 12:33:16,1.3287,1.3285,1.3288,1.3284,0.0003
2007-01-02 12:36:10,1.3284,1.3284,1.3285,1.3284,0.0003
2007-01-02 12:39:23,1.3285,1.3286,1.3286,1.3284,0.0003
2007-01-02 12:42:11,1.3285,1.3288,1.3289,1.3285,0.0003
2007-01-02 12:45:18,1.3289,1.3287,1.3289,1.3286,0.0003
2007-01-02 12:48:09,1.3288,1.3287,1.3289,1.3287,0.0003
2007-01-02 12:51:17,1.3288,1.3287,1.3288,1.3285,0.0003
2007-01-02 12:54:10,1.3286,1.3286,1.3287,1.3285,0.0003
2007-01-02 12:57:38,1.3285,1.3284,1.3286,1.3284,0.0003
2007-01-02 13:00:06,1.3285,1.3288,1.329,1.3284,0.0003
2007-01-02 13:03:33,1.3289,1.3288,1.3289,1.3287,0.0003
2007-01-02 13:06:06,1.3289,1.3287,1.3289,1.3286,0.0003
2007-01-02 13:09:52,1.3286,1.3287,1.3287,1.3286,0.0003
2007-01-02 13:12:12,1.3286,1.3284,1.3287,1.3284,0.0003
2007-01-02 13:15:11,1.3285,1.3284,1.3285,1.3283,0.0003
2007-01-02 13:18:00,1.3283,1.3283,1.3284,1.3281,0.0003
2007-01-02 13:22:24,1.3282,1.328,1.3284,1.328,0.0003
2007-01-02 13:25:01,1.3281,1.328,1.3281,1.328,0.0003
2007-01-02 13:28:48,1.3281,1.328,1.3282,1.328,0.0003
2007-01-02 13:31:12,1.3281,1.328,1.3282,1.328,0.0003
2007-01-02 13:34:05,1.3281,1.328,1.3281,1.3278,0.0003
2007-01-02 13:37:38,1.3281,1.328,1.3281,1.328,0.0003
2007-01-02 13:40:44,1.3279,1.3281,1.3281,1.3279,0.0003
2007-01-02 13:43:31,1.328,1.3281,1.3282,1.328,0.0003
2007-01-02 13:47:49,1.3282,1.3281,1.3283,1.328,0.0003
2007-01-02 13:50:38,1.3282,1.3283,1.3283,1.3281,0.0003
2007-01-02 13:53:51,1.3282,1.3284,1.3284,1.3282,0.0003
2007-01-02 13:56:00,1.3283,1.3283,1.3284,1.3282,0.0003
2007-01-02 13:59:01,1.3284,1.3282,1.3284,1.3282,0.0003
2007-01-02 14:00:54,1.3283,1.3281,1.3283,1.3281,0.0003
2007-01-02 14:04:30,1.328,1.328,1.3282,1.328,0.0003
2007-01-02 14:10:14,1.3281,1.3281,1.3281,1.328,0.0003
2007-01-02 14:13:28,1.328,1.328,1.3281,1.328,0.0003
2007-01-02 14:19:36,1.3279,1.3278,1.328,1.3278,0.0003
2007-01-02 14:22:06,1.3279,1.3279,1.3279,1.3278,0.0003
2007-01-02 14:25:29,1.3278,1.3279,1.3279,1.3278,0.0003
2007-01-02 14:31:09,1.3278,1.3278,1.3279,1.3278,0.0003
2007-01-02 14:34:19,1.3277,1.3277,1.3278,1.3277,0.0003
2007-01-02 14:38:06,1.3278,1.3278,1.3278,1.3277,0.0003
2007-01-02 14:42:10,1.3277,1.3276,1.3278,1.3276,0.0003
2007-01-02 14:46:28,1.3277,1.3278,1.3278,1.3276,0.0003
2007-01-02 14:49:04,1.3277,1.3279,1.3279,1.3277,0.0003
2007-01-02 14:54:10,1.3278,1.328,1.328,1.3278,0.0003
2007-01-02 15:01:30,1.3279,1.3278,1.328,1.3278,0.0003
2007-01-02 15:04:31,1.3277,1.3278,1.3278,1.3277,0.0003
2007-01-02 15:09:08,1.3279,1.3278,1.3279,1.3278,0.0003
2007-01-02 15:13:31,1.3279,1.3279,1.3279,1.3278,0.0003
2007-01-02 15:16:41,1.3278,1.3276,1.3279,1.3276,0.0003
2007-01-02 15:19:26,1.3275,1.3276,1.3277,1.3275,0.0003
2007-01-02 15:22:21,1.3277,1.3277,1.3277,1.3274,0.0003
2007-01-02 15:26:02,1.3276,1.3276,1.3277,1.3276,0.0003
2007-01-02 15:29:17,1.3277,1.3277,1.3277,1.3276,0.0003
2007-01-02 15:32:18,1.3276,1.3279,1.3279,1.3276,0.0003
2007-01-02 15:36:05,1.3278,1.3277,1.3279,1.3277,0.0003
2007-01-02 15:39:04,1.3278,1.3278,1.3278,1.3277,0.0003
2007-01-02 15:42:49,1.3277,1.3276,1.3278,1.3276,0.0003
2007-01-02 15:46:01,1.3277,1.3276,1.3278,1.3276,0.0003
2007-01-02 15:49:01,1.3277,1.3278,1.3278,1.3275,0.0003
2007-01-02 15:54:00,1.3279,1.3278,1.3279,1.3278,0.0003
2007-01-02 15:57:27,1.3279,1.328,1.328,1.3278,0.0003
2007-01-02 16:00:33,1.3279,1.3279,1.3281,1.3279,0.0003
2007-01-02 16:03:52,1.328,1.3281,1.3281,1.3279,0.0003
2007-01-02 16:06:30,1.328,1.328,1.3281,1.328,0.0003
2007-01-02 16:09:17,1.3279,1.328,1.3282,1.3279,0.0003
2007-01-02 16:12:00,1.3281,1.3279,1.3281,1.3278,0.0003
2007-01-02 16:15:23,1.3278,1.3279,1.328,1.3278,0.0003
2007-01-02 16:20:10,1.3278,1.3279,1.3279,1.3277,0.0003
2007-01-02 16:23:27,1.328,1.3281,1.3281,1.3279,0.0003
2007-01-02 16:26:15,1.328,1.328,1.3281,1.328,0.0003
2007-01-02 16:29:44,1.3281,1.3279,1.3281,1.3279,0.0003
2007-01-02 16:33:04,1.328,1.3281,1.3281,1.3279,0.0003
2007-01-02 16:37:44,1.328,1.328,1.3281,1.328,0.0003
2007-01-02 16:40:11,1.3279,1.3279,1.3281,1.3278,0.0003
2007-01-02 16:43:14,1.328,1.3278,1.328,1.3277,0.0003
2007-01-02 16:46:39,1.3277,1.3276,1.3278,1.3276,0.0003
2007-01-02 16:49:01,1.3277,1.3277,1.3278,1.3276,0.0003
2007-01-02 16:52:47,1.3276,1.3277,1.3278,1.3275,0.0003
2007-01-02 16:55:28,1.3276,1.3277,1.3279,1.3276,0.0003
2007-01-02 16:58:16,1.3276,1.3278,1.3278,1.3276,0.0003
2007-01-02 17:00:48,1.3277,1.3276,1.3278,1.3275,0.0003
2007-01-02 17:03:14,1.3275,1.3274,1.3276,1.3274,0.0003
2007-01-02 17:06:21,1.3275,1.3276,1.3278,1.3273,0.0003
2007-01-02 17:09:08,1.3275,1.3276,1.3276,1.3275,0.0003
2007-01-02 17:14:48,1.3275,1.3275,1.3277,1.3274,0.0003
2007-01-02 17:17:47,1.3276,1.3276,1.3276,1.3275,0.0003
2007-01-02 17:20:47,1.3275,1.3275,1.3276,1.3275,0.0003
2007-01-02 17:24:37,1.3276,1.3277,1.3277,1.3275,0.0003
2007-01-02 17:27:19,1.3276,1.3278,1.3278,1.3275,0.0003
2007-01-02 17:30:12,1.3277,1.328,1.328,1.3276,0.0003
2007-01-02 17:33:02,1.3279,1.3278,1.328,1.3277,0.0003
2007-01-02 17:36:54,1.3279,1.3279,1.3279,1.3277,0.0003
2007-01-02 17:39:39,1.3278,1.3278,1.3279,1.3277,0.0003
2007-01-02 17:45:42,1.3277,1.3279,1.3279,1.3277,0.0003
2007-01-02 17:49:36,1.3278,1.3279,1.3279,1.3278,0.0003
2007-01-02 17:53:12,1.3278,1.3279,1.3279,1.3278,0.0003
2007-01-02 17:56:46,1.3278,1.3279,1.328,1.3278,0.0003
2007-01-02 17:59:33,1.328,1.3279,1.3281,1.3279,0.0003
2007-01-02 18:00:05,1.328,1.328,1.328,1.3279,0.0003
2007-01-02 18:03:47,1.3281,1.3281,1.3282,1.328,0.0003
2007-01-02 18:06:24,1.3282,1.328,1.3282,1.328,0.0003
2007-01-02 18:10:12,1.3281,1.328,1.3281,1.328,0.0003
2007-01-02 18:14:31,1.3279,1.3277,1.328,1.3277,0.0003
2007-01-02 18:20:09,1.3276,1.3277,1.3278,1.3276,0.0003
2007-01-02 18:24:28,1.3278,1.3278,1.3278,1.3277,0.0003
2007-01-02 18:27:05,1.3279,1.3279,1.3279,1.3278,0.0003
2007-01-02 18:30:48,1.3278,1.3276,1.3279,1.3276,0.0003
2007-01-02 18:34:20,1.3275,1.3275,1.3276,1.3275,0.0003
2007-01-02 18:39:34,1.3274,1.3276,1.3276,1.3274,0.0003
2007-01-02 18:42:59,1.3277,1.3275,1.3277,1.3275,0.0003
2007-01-02 18:45:40,1.3276,1.3274,1.3276,1.3274,0.0003
2007-01-02 18:48:31,1.3273,1.3275,1.3275,1.3273,0.0003
2007-01-02 18:51:16,1.3276,1.3274,1.3276,1.3274,0.0003
2007-01-02 18:54:38,1.3275,1.3277,1.3277,1.3274,0.0003
2007-01-02 18:57:15,1.3276,1.3278,1.3279,1.3276,0.0003
2007-01-02 19:01:55,1.3277,1.3278,1.3278,1.3276,0.0003
2007-01-02 19:04:22,1.3279,1.3278,1.3279,1.3278,0.0003
2007-01-02 19:07:21,1.3279,1.328,1.328,1.3278,0.0003
2007-01-02 19:10:03,1.3279,1.3277,1.328,1.3277,0.0003
2007-01-02 19:18:07,1.3278,1.3277,1.3278,1.3277,0.0003
2007-01-02 19:22:08,1.3278,1.3279,1.3279,1.3276,0.0003
2007-01-02 19:29:34,1.328,1.328,1.328,1.3279,0.0003
2007-01-02 19:32:06,1.3281,1.3281,1.3283,1.328,0.0003
2007-01-02 19:36:11,1.328,1.3282,1.3282,1.328,0.0003
2007-01-02 19:39:00,1.3283,1.3285,1.3288,1.3282,0.0003
2007-01-02 19:42:47,1.3286,1.3285,1.3287,1.3284,0.0003
2007-01-02 19:47:10,1.3284,1.3285,1.3285,1.3284,0.0003
2007-01-02 19:51:24,1.3286,1.3287,1.3287,1.3285,0.0003
2007-01-02 19:54:46,1.3286,1.3284,1.3287,1.3284,0.0003
2007-01-02 19:57:54,1.3285,1.3283,1.3285,1.3283,0.0003
2007-01-02 20:00:18,1.3282,1.3282,1.3283,1.3282,0.0003
2007-01-02 20:03:09,1.3283,1.3284,1.3284,1.3282,0.0003
2007-01-02 20:06:06,1.3285,1.3285,1.3285,1.3282,0.0003
2007-01-02 20:09:00,1.3284,1.3282,1.3285,1.3282,0.0003
2007-01-02 20:12:28,1.3283,1.3283,1.3283,1.3282,0.0003
2007-01-02 20:16:25,1.3282,1.3284,1.3284,1.3282,0.0003
2007-01-02 20:19:07,1.3283,1.3283,1.3284,1.3283,0.0003
2007-01-02 20:22:50,1.3284,1.3283,1.3284,1.3283,0.0003
2007-01-02 20:25:05,1.3284,1.3285,1.3285,1.3283,0.0003
2007-01-02 20:28:36,1.3284,1.3284,1.3285,1.3284,0.0003
2007-01-02 20:33:22,1.3285,1.3286,1.3286,1.3284,0.0003
2007-01-02 20:36:30,1.3287,1.3287,1.3287,1.3286,0.0003
2007-01-02 20:41:15,1.3286,1.3286,1.3287,1.3286,0.0003
2007-01-02 20:44:08,1.3287,1.3287,1.3287,1.3286,0.0003
2007-01-02 20:49:39,1.3286,1.3287,1.3287,1.3286,0.0003
2007-01-02 20:52:21,1.3286,1.3286,1.3287,1.3286,0.0003
2007-01-02 20:57:55,1.3287,1.3287,1.3287,1.3286,0.0003
2007-01-02 21:02:33,1.3286,1.3288,1.3288,1.3286,0.0003
2007-01-02 21:05:41,1.3287,1.3287,1.3288,1.3287,0.0003
2007-01-02 21:08:04,1.3288,1.3288,1.3288,1.3287,0.0003
2007-01-02 21:11:03,1.3287,1.3287,1.3288,1.3287,0.0003
2007-01-02 21:14:02,1.3288,1.3288,1.3289,1.3287,0.0003
2007-01-02 21:19:06,1.3289,1.329,1.329,1.3288,0.0003
2007-01-02 21:22:19,1.3289,1.3288,1.329,1.3288,0.0003
2007-01-02 21:27:22,1.3289,1.329,1.329,1.3288,0.0003
2007-01-02 21:31:06,1.3289,1.3288,1.329,1.3288,0.0003
2007-01-02 21:36:28,1.3289,1.329,1.329,1.3288,0.0003
2007-01-02 21:42:39,1.3289,1.329,1.329,1.3289,0.0003
2007-01-02 21:52:20,1.3289,1.329,1.329,1.3289,0.0003
2007-01-02 21:55:51,1.3289,1.3288,1.329,1.3288,0.0003
2007-01-02 21:59:04,1.3289,1.3288,1.3289,1.3288,0.0003
2007-01-02 22:02:02,1.3289,1.3287,1.3289,1.3287,0.0003
2007-01-02 22:06:35,1.3288,1.3288,1.3289,1.3287,0.0003
2007-01-02 22:15:50,1.3287,1.3288,1.3288,1.3287,0.0003
2007-01-02 22:20:11,1.3287,1.3287,1.3288,1.3286,0.0003
2007-01-02 22:23:06,1.3286,1.3287,1.3287,1.3286,0.0003
2007-01-02 22:26:50,1.3286,1.3289,1.3289,1.3286,0.0003
2007-01-02 22:29:26,1.3288,1.3288,1.3289,1.3288,0.0003
2007-01-02 22:33:12,1.3289,1.3288,1.3289,1.3288,0.0003
2007-01-02 22:36:14,1.3289,1.3289,1.3289,1.3288,0.0003
2007-01-02 22:40:47,1.3288,1.3289,1.3289,1.3288,0.0003
2007-01-02 22:43:00,1.3288,1.3289,1.3291,1.3288,0.0003
2007-01-02 22:49:31,1.3288,1.3289,1.3291,1.3288,0.0003
2007-01-02 22:54:00,1.329,1.3289,1.329,1.3289,0.0003
2007-01-02 22:57:32,1.329,1.329,1.3291,1.3289,0.0003
2007-01-02 23:02:20,1.3289,1.3289,1.329,1.3289,0.0003
2007-01-02 23:05:31,1.3288,1.3287,1.3289,1.3287,0.0003
2007-01-02 23:08:05,1.3286,1.3286,1.3287,1.3286,0.0003
2007-01-02 23:11:03,1.3287,1.3286,1.3287,1.3286,0.0003
2007-01-02 23:15:28,1.3287,1.3286,1.3287,1.3286,0.0003
2007-01-02 23:18:29,1.3285,1.3286,1.3286,1.3285,0.0003
2007-01-02 23:21:49,1.3285,1.3284,1.3286,1.3284,0.0003
2007-01-02 23:25:21,1.3283,1.3284,1.3284,1.3282,0.0003
2007-01-02 23:28:04,1.3283,1.3284,1.3286,1.3283,0.0003
2007-01-02 23:32:15,1.3283,1.3284,1.3284,1.3283,0.0003
2007-01-02 23:35:04,1.3285,1.3284,1.3285,1.3284,0.0003
2007-01-02 23:38:39,1.3285,1.3282,1.3285,1.3282,0.0003
2007-01-02 23:41:03,1.3283,1.3281,1.3283,1.3279,0.0003
2007-01-02 23:44:49,1.3282,1.3283,1.3283,1.3281,0.0003
2007-01-02 23:47:17,1.3284,1.3284,1.3284,1.3283,0.0003
2007-01-02 23:50:07,1.3285,1.3286,1.3286,1.3284,0.0003
2007-01-02 23:54:20,1.3287,1.3291,1.3293,1.3286,0.0003
2007-01-02 23:57:55,1.329,1.329,1.3291,1.3289,0.0003
2007-01-03 00:00:46,1.3289,1.3289,1.329,1.3289,0.0003
2007-01-03 00:07:05,1.3288,1.3284,1.3289,1.3284,0.0003
2007-01-03 00:10:08,1.3283,1.3282,1.3284,1.3282,0.0003
2007-01-03 00:13:05,1.3283,1.3283,1.3283,1.3282,0.0003
2007-01-03 00:16:15,1.3282,1.328,1.3283,1.328,0.0003
2007-01-03 00:19:42,1.3279,1.328,1.3281,1.3279,0.0003
2007-01-03 00:23:05,1.3279,1.328,1.3281,1.3279,0.0003
2007-01-03 00:26:34,1.3279,1.3279,1.328,1.3279,0.0003
2007-01-03 00:31:13,1.328,1.328,1.328,1.3279,0.0003
2007-01-03 00:35:07,1.3279,1.328,1.3281,1.3278,0.0003
2007-01-03 00:41:03,1.3281,1.3281,1.3281,1.328,0.0003
2007-01-03 00:45:03,1.328,1.3279,1.3281,1.3279,0.0003
2007-01-03 00:48:59,1.328,1.328,1.3281,1.3279,0.0003
2007-01-03 00:53:25,1.3279,1.3279,1.328,1.3279,0.0003
2007-01-03 00:56:01,1.328,1.3279,1.328,1.3277,0.0003
2007-01-03 00:59:02,1.3278,1.3279,1.3279,1.3277,0.0003
2007-01-03 01:01:55,1.3278,1.328,1.328,1.3278,0.0003
2007-01-03 01:04:01,1.3279,1.3282,1.3282,1.3279,0.0003
2007-01-03 01:07:10,1.3283,1.3283,1.3283,1.3282,0.0003
2007-01-03 01:10:09,1.3282,1.3283,1.3283,1.3282,0.0003
2007-01-03 01:13:18,1.3284,1.3285,1.3286,1.3283,0.0003
2007-01-03 01:18:00,1.3284,1.3282,1.3285,1.3282,0.0003
2007-01-03 01:26:59,1.3281,1.3281,1.3282,1.328,0.0003
2007-01-03 01:31:00,1.3282,1.3284,1.3285,1.3281,0.0003
2007-01-03 01:34:08,1.3283,1.3284,1.3286,1.3283,0.0003
2007-01-03 01:37:28,1.3285,1.3285,1.3286,1.3284,0.0003
2007-01-03 01:40:16,1.3284,1.3285,1.3285,1.3284,0.0003
2007-01-03 01:43:00,1.3284,1.3286,1.3286,1.3284,0.0003
2007-01-03 01:46:46,1.3285,1.3284,1.3286,1.3284,0.0003
2007-01-03 01:51:42,1.3285,1.3282,1.3285,1.3282,0.0003
2007-01-03 01:54:07,1.3281,1.328,1.3282,1.328,0.0003
2007-01-03 01:57:15,1.3281,1.3282,1.3283,1.328,0.0003
2007-01-03 02:00:44,1.3283,1.3281,1.3283,1.3281,0.0003
2007-01-03 02:03:17,1.328,1.3283,1.3284,1.328,0.0003
2007-01-03 02:06:09,1.3282,1.328,1.3284,1.328,0.0003
2007-01-03 02:09:01,1.3279,1.328,1.3281,1.3278,0.0003
2007-01-03 02:12:26,1.3281,1.3277,1.3281,1.3277,0.0003
2007-01-03 02:15:06,1.3278,1.3279,1.3279,1.3276,0.0003
2007-01-03 02:18:09,1.328,1.3277,1.328,1.3275,0.0003
2007-01-03 02:21:00,1.3276,1.3274,1.3277,1.3273,0.0003
2007-01-03 02:24:12,1.3273,1.3274,1.3274,1.3269,0.0003
2007-01-03 02:27:02,1.3273,1.3277,1.3277,1.3273,0.0003
2007-01-03 02:30:25,1.3276,1.3279,1.328,1.3276,0.0003
2007-01-03 02:33:09,1.3278,1.3277,1.3279,1.3277,0.0003
2007-01-03 02:36:04,1.3278,1.3276,1.3278,1.3275,0.0003
2007-01-03 02:39:22,1.3275,1.3278,1.3278,1.3275,0.0003
2007-01-03 02:42:14,1.3279,1.3279,1.328,1.3276,0.0003
2007-01-03 02:45:06,1.328,1.328,1.328,1.3278,0.0003
2007-01-03 02:48:05,1.3279,1.3279,1.3281,1.3278,0.0003
2007-01-03 02:51:13,1.328,1.328,1.3281,1.3278,0.0003
2007-01-03 02:54:00,1.3279,1.3276,1.328,1.3276,0.0003
2007-01-03 02:57:25,1.3277,1.3278,1.328,1.3276,0.0003
2007-01-03 03:00:10,1.3279,1.3281,1.3282,1.3277,0.0003
2007-01-03 03:03:02,1.3282,1.3285,1.3285,1.3281,0.0003
2007-01-03 03:06:47,1.3284,1.3283,1.3286,1.3283,0.0003
2007-01-03 03:09:11,1.3284,1.3281,1.3284,1.328,0.0003
2007-01-03 03:12:58,1.328,1.3279,1.3281,1.3278,0.0003
2007-01-03 03:15:03,1.328,1.328,1.328,1.3279,0.0003
2007-01-03 03:18:00,1.3279,1.3275,1.328,1.3275,0.0003
2007-01-03 03:21:08,1.3276,1.328,1.328,1.3275,0.0003
2007-01-03 03:24:12,1.3281,1.3286,1.3286,1.328,0.0003
2007-01-03 03:27:08,1.3285,1.3281,1.3286,1.3281,0.0003
2007-01-03 03:30:48,1.328,1.3282,1.3286,1.3279,0.0003
2007-01-03 03:33:23,1.3281,1.3281,1.3282,1.3279,0.0003
2007-01-03 03:36:51,1.328,1.3278,1.3281,1.3278,0.0003
2007-01-03 03:39:02,1.3277,1.3279,1.3279,1.3276,0.0003
2007-01-03 03:43:03,1.3278,1.3277,1.3279,1.3277,0.0003
2007-01-03 03:46:21,1.3278,1.3276,1.3279,1.3276,0.0003
2007-01-03 03:49:29,1.3277,1.3277,1.3277,1.3276,0.0003
2007-01-03 03:54:17,1.3276,1.3278,1.3278,1.3276,0.0003
2007-01-03 03:57:08,1.3277,1.3278,1.3282,1.3277,0.0003
2007-01-03 04:00:00,1.3279,1.3277,1.328,1.3277,0.0003
2007-01-03 04:03:22,1.3276,1.3276,1.3277,1.3276,0.0003
2007-01-03 04:06:16,1.3277,1.3277,1.3277,1.3276,0.0003
2007-01-03 04:10:12,1.3276,1.3276,1.3277,1.3275,0.0003
2007-01-03 04:13:11,1.3277,1.3273,1.3277,1.3273,0.0003
2007-01-03 04:16:03,1.3274,1.3273,1.3274,1.3271,0.0003
2007-01-03 04:19:00,1.3274,1.327,1.3274,1.3269,0.0003
2007-01-03 04:22:06,1.3271,1.3267,1.3271,1.3264,0.0003
2007-01-03 04:25:19,1.3268,1.3267,1.3268,1.3264,0.0003
2007-01-03 04:28:04,1.3266,1.3266,1.3267,1.3264,0.0003
2007-01-03 04:31:01,1.3265,1.3265,1.3266,1.3264,0.0003
2007-01-03 04:34:08,1.3264,1.3259,1.3265,1.3259,0.0003
2007-01-03 04:37:03,1.326,1.3258,1.326,1.3258,0.0003
2007-01-03 04:40:13,1.3259,1.3263,1.3264,1.3258,0.0003
2007-01-03 04:43:15,1.3264,1.326,1.3264,1.326,0.0003
2007-01-03 04:47:17,1.3261,1.3261,1.3261,1.326,0.0003
2007-01-03 04:50:13,1.3262,1.3256,1.3262,1.3256,0.0003
2007-01-03 04:53:02,1.3257,1.3256,1.3258,1.3255,0.0003
2007-01-03 04:56:23,1.3257,1.3257,1.326,1.3256,0.0003
2007-01-03 04:59:21,1.3258,1.3259,1.326,1.3257,0.0003
2007-01-03 05:00:16,1.326,1.3258,1.326,1.3258,0.0003
2007-01-03 05:04:35,1.3259,1.3254,1.3259,1.3254,0.0003
2007-01-03 05:07:26,1.3255,1.3256,1.3258,1.3254,0.0003
2007-01-03 05:10:00,1.3255,1.3249,1.3256,1.3249,0.0003
2007-01-03 05:13:08,1.325,1.3249,1.3252,1.3248,0.0003
2007-01-03 05:16:03,1.325,1.3241,1.3251,1.3241,0.0003
2007-01-03 05:19:04,1.3242,1.3235,1.3242,1.3233,0.0003
2007-01-03 05:22:00,1.3234,1.3235,1.3238,1.3234,0.0003
2007-01-03 05:25:01,1.3234,1.3224,1.3237,1.322,0.0003
2007-01-03 05:28:00,1.3223,1.3224,1.3227,1.3222,0.0003
2007-01-03 05:31:10,1.3225,1.3222,1.3225,1.322,0.0003
2007-01-03 05:34:00,1.3221,1.3224,1.3225,1.322,0.0003
2007-01-03 05:37:13,1.3225,1.3227,1.3228,1.3224,0.0003
2007-01-03 05:40:05,1.3228,1.3228,1.3229,1.3225,0.0003
2007-01-03 05:43:34,1.3229,1.3228,1.323,1.3228,0.0003
2007-01-03 05:46:12,1.3229,1.3227,1.3229,1.3227,0.0003
2007-01-03 05:49:07,1.3228,1.3228,1.3231,1.3227,0.0003
2007-01-03 05:52:16,1.3227,1.3227,1.3228,1.3227,0.0003
2007-01-03 05:55:01,1.3228,1.3225,1.3229,1.3224,0.0003
2007-01-03 05:58:12,1.3224,1.3227,1.3227,1.3224,0.0003
2007-01-03 06:00:03,1.3228,1.3226,1.3228,1.3226,0.0003
2007-01-03 06:03:27,1.3225,1.3226,1.3226,1.3224,0.0003
2007-01-03 06:06:00,1.3225,1.3228,1.3229,1.3225,0.0003
2007-01-03 06:09:00,1.3229,1.3229,1.323,1.3227,0.0003
2007-01-03 06:12:43,1.3228,1.323,1.323,1.3228,0.0003
2007-01-03 06:15:00,1.3229,1.3229,1.3231,1.3228,0.0003
2007-01-03 06:18:00,1.3228,1.3234,1.3235,1.3228,0.0003
2007-01-03 06:21:01,1.3233,1.3235,1.3236,1.3233,0.0003
2007-01-03 06:25:25,1.3236,1.3237,1.3238,1.3234,0.0003
2007-01-03 06:29:26,1.3236,1.3237,1.3237,1.3235,0.0003
2007-01-03 06:32:17,1.3236,1.3235,1.3237,1.3235,0.0003
2007-01-03 06:35:05,1.3236,1.3235,1.3236,1.3234,0.0003
2007-01-03 06:38:00,1.3234,1.3231,1.3235,1.3231,0.0003
2007-01-03 06:41:08,1.3232,1.3232,1.3232,1.3229,0.0003
2007-01-03 06:44:13,1.3231,1.3228,1.3232,1.3226,0.0003
2007-01-03 06:47:07,1.3227,1.3229,1.3229,1.3226,0.0003
2007-01-03 06:50:29,1.3228,1.323,1.3232,1.3228,0.0003
2007-01-03 06:53:03,1.323,1.323,1.3234,1.323,0.0003
2007-01-03 06:56:04,1.3231,1.3229,1.3232,1.3229,0.0003
2007-01-03 06:59:01,1.323,1.3226,1.323,1.3226,0.0003
2007-01-03 07:00:27,1.3227,1.3226,1.3227,1.3225,0.0003
2007-01-03 07:03:17,1.3225,1.3224,1.3226,1.3224,0.0003
2007-01-03 07:06:02,1.3225,1.3225,1.3227,1.3224,0.0003
2007-01-03 07:09:01,1.3226,1.3228,1.3228,1.3224,0.0003
2007-01-03 07:12:05,1.3229,1.323,1.323,1.3228,0.0003
2007-01-03 07:15:45,1.3229,1.3231,1.3232,1.3229,0.0003
2007-01-03 07:18:08,1.3232,1.3234,1.3235,1.3231,0.0003
2007-01-03 07:21:14,1.3233,1.3232,1.3234,1.3228,0.0003
2007-01-03 07:24:45,1.3231,1.3233,1.3235,1.3231,0.0003
2007-01-03 07:27:01,1.3232,1.3233,1.3236,1.3232,0.0003
2007-01-03 07:30:12,1.3234,1.3238,1.3238,1.3233,0.0003
2007-01-03 07:33:18,1.3237,1.3238,1.3238,1.3237,0.0003
2007-01-03 07:36:21,1.3237,1.3237,1.3238,1.3234,0.0003
2007-01-03 07:39:04,1.3238,1.3238,1.3238,1.3237,0.0003
2007-01-03 07:42:00,1.3239,1.3239,1.324,1.3237,0.0003
2007-01-03 07:45:00,1.3238,1.324,1.3242,1.3237,0.0003
2007-01-03 07:48:10,1.3241,1.3238,1.3241,1.3238,0.0003
2007-01-03 07:51:18,1.3239,1.324,1.324,1.3237,0.0003
2007-01-03 07:54:25,1.3239,1.3239,1.324,1.3238,0.0003
2007-01-03 07:59:17,1.3238,1.3237,1.3239,1.3235,0.0003
2007-01-03 08:00:02,1.3236,1.3237,1.3237,1.3236,0.0003
2007-01-03 08:03:13,1.3236,1.3237,1.3239,1.3236,0.0003
2007-01-03 08:06:21,1.3238,1.3235,1.3238,1.3235,0.0003
2007-01-03 08:09:10,1.3234,1.3231,1.3235,1.3231,0.0003
2007-01-03 08:12:23,1.3232,1.3231,1.3232,1.323,0.0003
2007-01-03 08:15:00,1.3232,1.323,1.3232,1.323,0.0003
2007-01-03 08:18:05,1.3229,1.3249,1.3258,1.3227,0.0003
2007-01-03 08:21:00,1.3248,1.3246,1.325,1.324,0.0003
2007-01-03 08:24:02,1.3247,1.3248,1.325,1.3245,0.0003
2007-01-03 08:27:03,1.3249,1.3255,1.3255,1.3248,0.0003
2007-01-03 08:30:04,1.3254,1.3256,1.3256,1.3253,0.0003
2007-01-03 08:33:09,1.3257,1.3253,1.3261,1.3253,0.0003
2007-01-03 08:36:01,1.3254,1.3253,1.3257,1.3249,0.0003
2007-01-03 08:39:11,1.3254,1.3249,1.3254,1.3249,0.0003
2007-01-03 08:42:21,1.325,1.3251,1.3251,1.3249,0.0003
2007-01-03 08:45:05,1.325,1.3249,1.3252,1.3248,0.0003
2007-01-03 08:48:06,1.3248,1.3247,1.325,1.3247,0.0003
2007-01-03 08:51:10,1.3248,1.3247,1.3249,1.3245,0.0003
2007-01-03 08:54:02,1.3246,1.3244,1.3247,1.3241,0.0003
2007-01-03 08:57:01,1.3243,1.3244,1.3247,1.3242,0.0003
2007-01-03 09:00:16,1.3245,1.3234,1.3245,1.3234,0.0003
2007-01-03 09:03:00,1.3235,1.3239,1.324,1.3234,0.0003
2007-01-03 09:06:10,1.3238,1.3235,1.3239,1.3235,0.0003
2007-01-03 09:09:25,1.3236,1.3235,1.3239,1.3235,0.0003
2007-01-03 09:12:07,1.3234,1.3239,1.3239,1.3234,0.0003
2007-01-03 09:15:02,1.3238,1.3238,1.324,1.3238,0.0003
2007-01-03 09:18:13,1.3237,1.3235,1.3238,1.3233,0.0003
2007-01-03 09:21:03,1.3236,1.3233,1.3236,1.3233,0.0003
2007-01-03 09:24:08,1.3232,1.3235,1.3235,1.323,0.0003
2007-01-03 09:27:02,1.3234,1.3233,1.3237,1.3232,0.0003
2007-01-03 09:30:03,1.3232,1.3234,1.3236,1.3232,0.0003
2007-01-03 09:33:22,1.3235,1.3233,1.3237,1.3233,0.0003
2007-01-03 09:36:02,1.3232,1.3232,1.3233,1.323,0.0003
2007-01-03 09:39:09,1.3231,1.3232,1.3234,1.323,0.0003
2007-01-03 09:42:10,1.3231,1.3234,1.3234,1.323,0.0003
2007-01-03 09:45:18,1.3233,1.3234,1.3236,1.3233,0.0003
2007-01-03 09:48:32,1.3235,1.3236,1.3236,1.3234,0.0003
2007-01-03 09:51:19,1.3235,1.3232,1.3236,1.323,0.0003
2007-01-03 09:54:42,1.3233,1.3228,1.3234,1.3228,0.0003
2007-01-03 09:57:04,1.3229,1.3227,1.323,1.3224,0.0003
2007-01-03 10:00:03,1.3226,1.3226,1.3227,1.322,0.0003
2007-01-03 10:03:02,1.3225,1.3214,1.3226,1.3206,0.0003
2007-01-03 10:06:00,1.3213,1.321,1.3216,1.3209,0.0003
2007-01-03 10:09:01,1.3209,1.3185,1.321,1.3184,0.0003
2007-01-03 10:12:07,1.3184,1.3187,1.3188,1.3182,0.0003
2007-01-03 10:15:03,1.3186,1.319,1.3194,1.3186,0.0003
2007-01-03 10:18:07,1.3189,1.319,1.3193,1.3188,0.0003
2007-01-03 10:21:00,1.3191,1.3185,1.3191,1.3181,0.0003
2007-01-03 10:24:01,1.3186,1.3184,1.3189,1.3184,0.0003
2007-01-03 10:27:09,1.3185,1.3184,1.3187,1.3179,0.0003
2007-01-03 10:30:01,1.3183,1.3183,1.3186,1.3181,0.0003
2007-01-03 10:33:03,1.3182,1.3187,1.3187,1.3179,0.0003
2007-01-03 10:36:15,1.3186,1.3187,1.3189,1.3185,0.0003
2007-01-03 10:39:27,1.3188,1.3188,1.319,1.3186,0.0003
2007-01-03 10:42:03,1.3187,1.3191,1.3192,1.3187,0.0003
2007-01-03 10:45:06,1.319,1.3193,1.3194,1.319,0.0003
2007-01-03 10:48:00,1.3192,1.3195,1.3196,1.3192,0.0003
2007-01-03 10:51:01,1.3194,1.3191,1.3195,1.319,0.0003
2007-01-03 10:54:04,1.3192,1.3192,1.3193,1.319,0.0003
2007-01-03 10:57:02,1.3191,1.3195,1.3198,1.3191,0.0003
2007-01-03 11:00:01,1.3194,1.3196,1.3197,1.3194,0.0003
2007-01-03 11:03:54,1.3197,1.3197,1.3198,1.3195,0.0003
2007-01-03 11:06:15,1.3196,1.3193,1.3197,1.3192,0.0003
2007-01-03 11:09:00,1.3192,1.3186,1.3194,1.3185,0.0003
2007-01-03 11:12:01,1.3185,1.3182,1.3186,1.3181,0.0003
2007-01-03 11:15:02,1.3183,1.3182,1.3183,1.3177,0.0003
2007-01-03 11:18:17,1.3183,1.3182,1.3184,1.3178,0.0003
2007-01-03 11:21:06,1.3183,1.318,1.3185,1.318,0.0003
2007-01-03 11:24:09,1.3179,1.318,1.3181,1.3177,0.0003
2007-01-03 11:27:01,1.3179,1.3169,1.318,1.3169,0.0003
2007-01-03 11:30:03,1.3168,1.3168,1.3169,1.3164,0.0003
2007-01-03 11:33:00,1.3169,1.3163,1.3169,1.3162,0.0003
2007-01-03 11:36:01,1.3164,1.3167,1.3169,1.3163,0.0003
2007-01-03 11:39:00,1.3168,1.317,1.3172,1.3167,0.0003
2007-01-03 11:42:17,1.3171,1.3173,1.3173,1.317,0.0003
2007-01-03 11:45:03,1.3174,1.3171,1.3174,1.317,0.0003
2007-01-03 11:48:23,1.3172,1.317,1.3172,1.3169,0.0003
2007-01-03 11:51:06,1.3171,1.3172,1.3172,1.317,0.0003
2007-01-03 11:54:28,1.3171,1.3169,1.3173,1.3169,0.0003
2007-01-03 11:57:05,1.317,1.3169,1.317,1.3169,0.0003
2007-01-03 12:00:02,1.317,1.317,1.3171,1.3169,0.0003
2007-01-03 12:03:04,1.3171,1.3171,1.3173,1.317,0.0003
2007-01-03 12:06:24,1.3172,1.3172,1.3173,1.317,0.0003
2007-01-03 12:09:00,1.3171,1.3175,1.3176,1.3171,0.0003
2007-01-03 12:12:02,1.3176,1.317,1.3176,1.3169,0.0003
2007-01-03 12:16:25,1.3169,1.317,1.317,1.3166,0.0003
2007-01-03 12:19:14,1.3169,1.3167,1.317,1.3167,0.0003
2007-01-03 12:22:24,1.3168,1.3166,1.3168,1.3166,0.0003
2007-01-03 12:25:03,1.3165,1.3158,1.3167,1.3157,0.0002
2007-01-03 12:28:02,1.3158,1.3157,1.3159,1.3154,0.0003
2007-01-03 12:31:03,1.3156,1.316,1.3161,1.3153,0.0003
2007-01-03 12:34:13,1.3159,1.316,1.3162,1.3158,0.0003
2007-01-03 12:37:14,1.3159,1.3161,1.3161,1.3157,0.0003
2007-01-03 12:40:01,1.316,1.3161,1.3163,1.316,0.0003
2007-01-03 12:44:58,1.3162,1.3161,1.3163,1.3161,0.0003
2007-01-03 12:47:00,1.3162,1.3163,1.3163,1.316,0.0003
2007-01-03 12:50:22,1.3162,1.3163,1.3164,1.3162,0.0003
2007-01-03 12:53:11,1.3164,1.3163,1.3165,1.3163,0.0003
2007-01-03 12:56:51,1.3164,1.3164,1.3165,1.3163,0.0003
2007-01-03 12:59:18,1.3165,1.3163,1.3165,1.3163,0.0003
2007-01-03 13:00:03,1.3164,1.3162,1.3164,1.3162,0.0003
2007-01-03 13:03:21,1.3161,1.3164,1.3165,1.316,0.0003
2007-01-03 13:06:04,1.3163,1.3162,1.3165,1.3161,0.0003
2007-01-03 13:10:20,1.3161,1.3163,1.3165,1.316,0.0003
2007-01-03 13:13:40,1.3164,1.3162,1.3164,1.3162,0.0003
2007-01-03 13:16:08,1.3163,1.3163,1.3163,1.3162,0.0003
2007-01-03 13:20:04,1.3164,1.3161,1.3164,1.3161,0.0003
2007-01-03 13:23:17,1.3162,1.316,1.3162,1.3158,0.0003
2007-01-03 13:27:32,1.3159,1.3159,1.316,1.3158,0.0003
2007-01-03 13:30:14,1.316,1.316,1.316,1.3159,0.0003
2007-01-03 13:33:42,1.3159,1.3162,1.3162,1.3159,0.0003
2007-01-03 13:37:01,1.3163,1.3163,1.3163,1.3162,0.0003
2007-01-03 13:41:55,1.3162,1.3162,1.3163,1.3162,0.0003
2007-01-03 13:44:35,1.3163,1.3162,1.3164,1.3162,0.0003
2007-01-03 13:47:18,1.3163,1.3161,1.3163,1.3159,0.0003
2007-01-03 13:50:02,1.316,1.3157,1.3161,1.3157,0.0003
2007-01-03 13:53:07,1.3158,1.3158,1.316,1.3157,0.0003
2007-01-03 13:56:17,1.3159,1.3161,1.3161,1.3158,0.0003
2007-01-03 13:59:07,1.316,1.3158,1.3161,1.3158,0.0003
2007-01-03 14:00:04,1.3157,1.3155,1.3158,1.3154,0.0003
2007-01-03 14:03:01,1.3156,1.3164,1.3166,1.3148,0.0003
2007-01-03 14:06:04,1.3163,1.3169,1.3175,1.3163,0.0003
2007-01-03 14:09:01,1.317,1.3166,1.3177,1.3164,0.0003
2007-01-03 14:12:27,1.3167,1.3169,1.3169,1.3162,0.0003
2007-01-03 14:15:03,1.317,1.3171,1.3176,1.3169,0.0003
2007-01-03 14:18:00,1.3172,1.3172,1.3174,1.317,0.0003
2007-01-03 14:21:03,1.3173,1.3173,1.3176,1.3172,0.0003
2007-01-03 14:24:05,1.3174,1.3164,1.3174,1.3161,0.0003
2007-01-03 14:27:05,1.3165,1.3166,1.3166,1.3163,0.0003
2007-01-03 14:30:03,1.3165,1.3168,1.317,1.3164,0.0003
2007-01-03 14:33:08,1.3169,1.3169,1.3169,1.3167,0.0003
2007-01-03 14:36:22,1.3168,1.3169,1.3171,1.3168,0.0003
2007-01-03 14:39:02,1.317,1.3171,1.3172,1.3168,0.0003
2007-01-03 14:42:24,1.3172,1.3171,1.3173,1.3171,0.0003
2007-01-03 14:45:04,1.3172,1.3168,1.3172,1.3167,0.0003
2007-01-03 14:48:05,1.3169,1.317,1.317,1.3168,0.0003
2007-01-03 14:51:02,1.3171,1.3171,1.3172,1.317,0.0003
2007-01-03 14:54:00,1.3172,1.3169,1.3172,1.3169,0.0003
2007-01-03 14:57:12,1.317,1.317,1.3171,1.3169,0.0003
2007-01-03 15:00:05,1.3171,1.3168,1.3171,1.3168,0.0003
2007-01-03 15:04:21,1.3167,1.3169,1.3169,1.3166,0.0003
2007-01-03 15:07:00,1.3168,1.3168,1.3169,1.3167,0.0003
2007-01-03 15:10:04,1.3167,1.317,1.317,1.3167,0.0003
2007-01-03 15:13:02,1.3171,1.3171,1.3172,1.3169,0.0003
2007-01-03 15:16:08,1.3172,1.317,1.3173,1.317,0.0003
2007-01-03 15:19:02,1.3171,1.3168,1.3171,1.3168,0.0003
2007-01-03 15:22:34,1.3169,1.3168,1.3169,1.3168,0.0003
2007-01-03 15:25:15,1.3169,1.3168,1.3169,1.3168,0.0003
2007-01-03 15:28:17,1.3169,1.3168,1.3169,1.3168,0.0003
2007-01-03 15:31:05,1.3169,1.3169,1.3169,1.3168,0.0003
2007-01-03 15:34:10,1.3168,1.3167,1.3169,1.3167,0.0003
2007-01-03 15:37:31,1.3168,1.3167,1.3168,1.3167,0.0003
2007-01-03 15:41:48,1.3168,1.3166,1.3168,1.3166,0.0003
2007-01-03 15:45:01,1.3167,1.3164,1.3167,1.3164,0.0003
2007-01-03 15:49:37,1.3163,1.3165,1.3165,1.3163,0.0003
2007-01-03 15:52:12,1.3164,1.3166,1.3166,1.3164,0.0003
2007-01-03 15:56:04,1.3167,1.3165,1.3169,1.3165,0.0003
2007-01-03 16:00:00,1.3166,1.3164,1.3166,1.3164,0.0003
2007-01-03 16:04:02,1.3163,1.3164,1.3164,1.3163,0.0003
2007-01-03 16:08:13,1.3163,1.3163,1.3164,1.3163,0.0003
2007-01-03 16:11:05,1.3162,1.3164,1.3164,1.3162,0.0003
2007-01-03 16:15:59,1.3165,1.3164,1.3165,1.3164,0.0003
2007-01-03 16:18:08,1.3165,1.3165,1.3165,1.3164,0.0003
2007-01-03 16:21:20,1.3164,1.3166,1.3166,1.3164,0.0003
2007-01-03 16:24:35,1.3167,1.3167,1.3167,1.3166,0.0003
2007-01-03 16:27:11,1.3166,1.3168,1.3168,1.3165,0.0003
2007-01-03 16:30:00,1.3167,1.3166,1.3168,1.3166,0.0003
2007-01-03 16:34:09,1.3165,1.3165,1.3166,1.3165,0.0003
2007-01-03 16:38:54,1.3166,1.3166,1.3167,1.3165,0.0003
2007-01-03 16:42:30,1.3167,1.3167,1.3167,1.3166,0.0003
2007-01-03 16:45:12,1.3166,1.3165,1.3168,1.3165,0.0003
2007-01-03 16:48:10,1.3166,1.3168,1.3169,1.3165,0.0003
2007-01-03 16:51:06,1.3169,1.3172,1.3172,1.3168,0.0003
2007-01-03 16:54:28,1.3171,1.3173,1.3173,1.3171,0.0003
2007-01-03 16:57:01,1.3172,1.317,1.3173,1.317,0.0003
2007-01-03 17:00:07,1.3171,1.3172,1.3173,1.317,0.0003
2007-01-03 17:03:05,1.3173,1.3171,1.3175,1.3171,0.0003
2007-01-03 17:08:11,1.3172,1.317,1.3172,1.3169,0.0003
2007-01-03 17:11:05,1.3169,1.3168,1.3171,1.3168,0.0003
2007-01-03 17:14:14,1.3167,1.3166,1.317,1.3166,0.0003
2007-01-03 17:17:17,1.3165,1.3167,1.3168,1.3165,0.0003
2007-01-03 17:21:14,1.3166,1.3169,1.3169,1.3166,0.0003
2007-01-03 17:24:51,1.3168,1.3168,1.3169,1.3168,0.0003
2007-01-03 17:27:33,1.3169,1.3171,1.3171,1.3168,0.0003
2007-01-03 17:31:04,1.3172,1.3171,1.3173,1.3171,0.0003
2007-01-03 17:34:21,1.3172,1.3173,1.3173,1.3171,0.0003
2007-01-03 17:38:59,1.3172,1.3173,1.3173,1.3172,0.0003
2007-01-03 17:41:25,1.3172,1.3172,1.3173,1.3172,0.0003
2007-01-03 17:46:45,1.3173,1.3172,1.3173,1.3172,0.0003
2007-01-03 17:49:31,1.3173,1.3172,1.3173,1.3172,0.0003
2007-01-03 17:52:02,1.3171,1.3167,1.3172,1.3165,0.0003
2007-01-03 17:57:29,1.3166,1.3166,1.3168,1.3166,0.0003
2007-01-03 18:00:14,1.3165,1.3168,1.3168,1.3165,0.0003
2007-01-03 18:03:00,1.3167,1.3169,1.3169,1.3167,0.0003
2007-01-03 18:06:16,1.3168,1.3171,1.3171,1.3168,0.0003
2007-01-03 18:09:40,1.317,1.3169,1.3174,1.3169,0.0003
2007-01-03 18:12:31,1.317,1.3169,1.3171,1.3169,0.0003
2007-01-03 18:15:48,1.3168,1.3169,1.3169,1.3167,0.0003
2007-01-03 18:18:14,1.3168,1.3169,1.317,1.3168,0.0003
2007-01-03 18:21:39,1.317,1.317,1.317,1.3168,0.0003
2007-01-03 18:25:36,1.3171,1.3171,1.3171,1.317,0.0003
2007-01-03 18:28:10,1.317,1.3171,1.3172,1.317,0.0003
2007-01-03 18:31:52,1.3172,1.3173,1.3173,1.3171,0.0003
2007-01-03 18:34:25,1.3172,1.3172,1.3173,1.3172,0.0003
2007-01-03 18:37:06,1.3171,1.3172,1.3173,1.3171,0.0003
2007-01-03 18:41:17,1.3173,1.3172,1.3173,1.3172,0.0003
2007-01-03 18:44:19,1.3173,1.317,1.3173,1.317,0.0003
2007-01-03 18:47:19,1.3171,1.317,1.3171,1.317,0.0003
2007-01-03 18:50:12,1.3169,1.317,1.3171,1.3169,0.0003
2007-01-03 18:54:29,1.3169,1.3172,1.3172,1.3169,0.0003
2007-01-03 18:57:10,1.3171,1.3172,1.3172,1.317,0.0003
2007-01-03 19:00:26,1.3171,1.3171,1.3172,1.3171,0.0003
2007-01-03 19:03:09,1.3172,1.3171,1.3173,1.3171,0.0003
2007-01-03 19:07:44,1.317,1.317,1.3171,1.317,0.0003
2007-01-03 19:12:46,1.3171,1.317,1.3171,1.317,0.0003
2007-01-03 19:16:05,1.3171,1.3171,1.3171,1.317,0.0003
2007-01-03 19:27:20,1.317,1.3169,1.3171,1.3169,0.0003
2007-01-03 19:30:04,1.3168,1.3169,1.317,1.3168,0.0003
2007-01-03 19:33:15,1.3168,1.3166,1.3169,1.3166,0.0003
2007-01-03 19:36:01,1.3167,1.3164,1.3167,1.3164,0.0003
2007-01-03 19:39:12,1.3165,1.3167,1.3167,1.3164,0.0003
2007-01-03 19:42:00,1.3166,1.3167,1.3169,1.3166,0.0003
2007-01-03 19:46:11,1.3168,1.3166,1.3168,1.3165,0.0003
2007-01-03 19:49:00,1.3165,1.3163,1.3166,1.3163,0.0003
2007-01-03 19:52:43,1.3164,1.3165,1.3165,1.3163,0.0003
2007-01-03 19:55:01,1.3164,1.3161,1.3165,1.316,0.0003
2007-01-03 19:59:21,1.316,1.3164,1.3164,1.316,0.0003
2007-01-03 20:01:03,1.3163,1.3166,1.3166,1.3163,0.0003
2007-01-03 20:06:38,1.3167,1.3166,1.3167,1.3165,0.0003
2007-01-03 20:11:20,1.3165,1.3167,1.3167,1.3165,0.0003
2007-01-03 20:14:16,1.3168,1.3171,1.3171,1.3167,0.0003
2007-01-03 20:17:37,1.3172,1.3171,1.3174,1.3171,0.0003
2007-01-03 20:20:49,1.317,1.3168,1.3171,1.3168,0.0003
2007-01-03 20:23:00,1.3169,1.3169,1.3169,1.3168,0.0003
2007-01-03 20:26:05,1.3168,1.3168,1.317,1.3167,0.0003
2007-01-03 20:29:32,1.3169,1.3171,1.3171,1.3168,0.0003
2007-01-03 20:32:48,1.317,1.3171,1.3172,1.317,0.0003
2007-01-03 20:35:56,1.317,1.3172,1.3176,1.317,0.0003
2007-01-03 20:38:05,1.3173,1.3174,1.3174,1.3172,0.0003
2007-01-03 20:41:30,1.3173,1.3174,1.3174,1.3173,0.0003
2007-01-03 20:44:00,1.3173,1.3174,1.3174,1.3173,0.0003
2007-01-03 20:47:31,1.3173,1.3171,1.3174,1.3171,0.0003
2007-01-03 20:50:13,1.3172,1.3171,1.3172,1.3171,0.0003
2007-01-03 20:53:54,1.317,1.3169,1.3171,1.3168,0.0003
2007-01-03 20:57:30,1.317,1.3168,1.317,1.3168,0.0003
2007-01-03 21:00:13,1.3169,1.3168,1.3169,1.3168,0.0003
2007-01-03 21:03:02,1.3169,1.3172,1.3172,1.3168,0.0003
2007-01-03 21:07:43,1.3173,1.3171,1.3174,1.317,0.0003
2007-01-03 21:14:12,1.317,1.3171,1.3171,1.317,0.0003
2007-01-03 21:17:05,1.3172,1.3172,1.3173,1.3171,0.0003
2007-01-03 21:20:08,1.3173,1.317,1.3173,1.317,0.0003
2007-01-03 21:23:15,1.3171,1.3171,1.3173,1.317,0.0003
2007-01-03 21:26:18,1.3172,1.3174,1.3174,1.3171,0.0003
2007-01-03 21:30:49,1.3173,1.3173,1.3174,1.3173,0.0003
2007-01-03 21:33:51,1.3174,1.3173,1.3174,1.3173,0.0003
2007-01-03 21:36:13,1.3174,1.3173,1.3174,1.3173,0.0003
2007-01-03 21:39:08,1.3174,1.3172,1.3174,1.3172,0.0003
2007-01-03 21:43:18,1.3173,1.3172,1.3173,1.3172,0.0003
2007-01-03 21:46:09,1.3171,1.3171,1.3173,1.3171,0.0003
2007-01-03 21:50:28,1.3172,1.3173,1.3173,1.3171,0.0003
2007-01-03 21:53:01,1.3172,1.3174,1.3174,1.3172,0.0003
2007-01-03 21:57:52,1.3173,1.3174,1.3174,1.3173,0.0003
2007-01-03 22:00:46,1.3173,1.3175,1.3175,1.3173,0.0003
2007-01-03 22:03:35,1.3174,1.3173,1.3175,1.3173,0.0003
2007-01-03 22:08:48,1.3174,1.3175,1.3175,1.3173,0.0003
2007-01-03 22:11:32,1.3174,1.3177,1.3178,1.3174,0.0003
2007-01-03 22:14:12,1.3178,1.3177,1.3178,1.3177,0.0003
2007-01-03 22:18:24,1.3176,1.3178,1.3178,1.3176,0.0003
2007-01-03 22:21:42,1.3177,1.3176,1.318,1.3176,0.0003
2007-01-03 22:26:18,1.3177,1.3177,1.3177,1.3176,0.0003
2007-01-03 22:29:11,1.3176,1.3176,1.3177,1.3175,0.0003
2007-01-03 22:32:16,1.3177,1.3176,1.3177,1.3175,0.0003
2007-01-03 22:36:48,1.3175,1.3176,1.3176,1.3173,0.0003
2007-01-03 22:40:52,1.3175,1.3176,1.3177,1.3175,0.0003
2007-01-03 22:43:30,1.3177,1.3178,1.3178,1.3175,0.0003
2007-01-03 22:46:56,1.3177,1.3179,1.3179,1.3177,0.0003
2007-01-03 22:53:45,1.3178,1.3178,1.3179,1.3178,0.0003
2007-01-03 22:56:40,1.3179,1.3177,1.3179,1.3177,0.0003
2007-01-03 22:59:08,1.3178,1.3179,1.3179,1.3177,0.0003
2007-01-03 23:00:24,1.3178,1.3179,1.3179,1.3177,0.0003
2007-01-03 23:06:12,1.3178,1.3177,1.3179,1.3177,0.0003
2007-01-03 23:12:36,1.3176,1.3176,1.3177,1.3176,0.0003
2007-01-03 23:16:12,1.3177,1.3174,1.3177,1.3174,0.0003
2007-01-03 23:19:05,1.3175,1.3179,1.3179,1.3174,0.0003
2007-01-03 23:22:01,1.3178,1.3179,1.3179,1.3177,0.0003
2007-01-03 23:25:11,1.3178,1.3175,1.3179,1.3175,0.0003
2007-01-03 23:29:41,1.3176,1.3175,1.3177,1.3175,0.0003
2007-01-03 23:32:08,1.3176,1.3175,1.3176,1.3175,0.0003
2007-01-03 23:35:18,1.3176,1.3176,1.3177,1.3175,0.0003
2007-01-03 23:38:00,1.3177,1.3174,1.3177,1.3174,0.0003
2007-01-03 23:41:30,1.3175,1.3175,1.3175,1.3173,0.0003
2007-01-03 23:44:19,1.3174,1.3175,1.3175,1.3174,0.0003
2007-01-03 23:47:23,1.3174,1.3175,1.3175,1.3173,0.0003
2007-01-03 23:53:19,1.3174,1.3174,1.3175,1.3174,0.0003
2007-01-03 23:56:11,1.3175,1.3173,1.3175,1.3173,0.0003
2007-01-04 00:01:06,1.3174,1.3169,1.3174,1.3169,0.0003
2007-01-04 00:05:38,1.317,1.3171,1.3171,1.3169,0.0003
2007-01-04 00:08:57,1.3172,1.3173,1.3173,1.3171,0.0003
2007-01-04 00:11:04,1.3172,1.3172,1.3173,1.3172,0.0003
2007-01-04 00:14:08,1.3173,1.3172,1.3173,1.3172,0.0003
2007-01-04 00:18:28,1.3173,1.3174,1.3175,1.3172,0.0003
2007-01-04 00:21:16,1.3175,1.3174,1.3175,1.3174,0.0003
2007-01-04 00:24:32,1.3175,1.3174,1.3175,1.3174,0.0003
2007-01-04 00:38:32,1.3175,1.3174,1.3175,1.3174,0.0003
2007-01-04 00:41:24,1.3175,1.3171,1.3175,1.3171,0.0003
2007-01-04 00:44:01,1.3172,1.3172,1.3172,1.3171,0.0003
2007-01-04 00:47:15,1.3171,1.3174,1.3175,1.3171,0.0003
2007-01-04 00:51:05,1.3175,1.3174,1.3175,1.3174,0.0003
2007-01-04 00:54:14,1.3175,1.3175,1.3175,1.3174,0.0003
2007-01-04 00:57:04,1.3174,1.3176,1.3177,1.3174,0.0003
2007-01-04 01:00:01,1.3175,1.3176,1.3177,1.3175,0.0003
2007-01-04 01:03:00,1.3175,1.3172,1.3176,1.3171,0.0003
2007-01-04 01:06:23,1.3171,1.317,1.3172,1.317,0.0003
2007-01-04 01:11:48,1.3171,1.317,1.3171,1.317,0.0003
2007-01-04 01:14:08,1.3171,1.317,1.3171,1.317,0.0003
2007-01-04 01:17:24,1.3169,1.3169,1.317,1.3169,0.0003
2007-01-04 01:20:23,1.3168,1.3168,1.3169,1.3167,0.0003
2007-01-04 01:23:24,1.3167,1.3165,1.3168,1.3165,0.0003
2007-01-04 01:26:09,1.3166,1.3165,1.3167,1.3165,0.0003
2007-01-04 01:29:03,1.3166,1.3164,1.3166,1.3163,0.0003
2007-01-04 01:32:45,1.3165,1.3163,1.3166,1.3163,0.0003
2007-01-04 01:35:13,1.3164,1.3161,1.3164,1.3161,0.0003
2007-01-04 01:38:14,1.3162,1.316,1.3163,1.316,0.0003
2007-01-04 01:41:19,1.3159,1.316,1.3161,1.3159,0.0003
2007-01-04 01:44:09,1.3161,1.3163,1.3164,1.316,0.0003
2007-01-04 01:47:05,1.3164,1.3167,1.3167,1.3163,0.0003
2007-01-04 01:50:01,1.3166,1.3167,1.3168,1.3166,0.0003
2007-01-04 01:53:01,1.3168,1.3167,1.3168,1.3166,0.0003
2007-01-04 01:56:10,1.3166,1.3166,1.3167,1.3165,0.0003
2007-01-04 01:59:03,1.3165,1.3161,1.3166,1.3161,0.0003
2007-01-04 02:00:00,1.3162,1.3163,1.3164,1.316,0.0003
2007-01-04 02:05:12,1.3162,1.3168,1.3168,1.3162,0.0003
2007-01-04 02:08:02,1.3169,1.3169,1.317,1.3168,0.0003
2007-01-04 02:11:41,1.3168,1.3169,1.3169,1.3167,0.0003
2007-01-04 02:14:09,1.3168,1.3169,1.317,1.3167,0.0003
2007-01-04 02:17:03,1.3168,1.3173,1.3176,1.3168,0.0003
2007-01-04 02:20:01,1.3172,1.3176,1.3177,1.3172,0.0003
2007-01-04 02:23:04,1.3175,1.3173,1.3176,1.3173,0.0003
2007-01-04 02:26:33,1.3174,1.3174,1.3176,1.3173,0.0003
2007-01-04 02:29:06,1.3173,1.3175,1.3175,1.3173,0.0003
2007-01-04 02:32:02,1.3176,1.3177,1.3177,1.3174,0.0003
2007-01-04 02:35:10,1.3176,1.3175,1.3177,1.3174,0.0003
2007-01-04 02:38:05,1.3176,1.3177,1.3181,1.3175,0.0003
2007-01-04 02:41:03,1.3178,1.3175,1.3178,1.3174,0.0003
2007-01-04 02:44:03,1.3176,1.3178,1.318,1.3175,0.0003
2007-01-04 02:47:07,1.3179,1.3181,1.3182,1.3177,0.0003
2007-01-04 02:50:37,1.318,1.3181,1.3181,1.3179,0.0003
2007-01-04 02:53:32,1.318,1.3179,1.3181,1.3179,0.0003
2007-01-04 02:56:03,1.3178,1.3175,1.3179,1.3174,0.0003
2007-01-04 02:59:42,1.3174,1.3173,1.3175,1.3171,0.0003
2007-01-04 03:00:26,1.3174,1.3174,1.3174,1.3173,0.0003
2007-01-04 03:03:03,1.3173,1.3168,1.3174,1.3168,0.0003
2007-01-04 03:06:09,1.3169,1.3166,1.317,1.3164,0.0003
2007-01-04 03:09:15,1.3165,1.3156,1.3166,1.3154,0.0003
2007-01-04 03:12:12,1.3155,1.3159,1.3161,1.3155,0.0003
2007-01-04 03:15:05,1.316,1.3152,1.316,1.3147,0.0003
2007-01-04 03:18:00,1.3151,1.3152,1.3154,1.315,0.0003
2007-01-04 03:21:46,1.3153,1.3153,1.3155,1.3152,0.0003
2007-01-04 03:24:00,1.3154,1.3146,1.3154,1.3146,0.0003
2007-01-04 03:27:11,1.3145,1.314,1.3146,1.3137,0.0003
2007-01-04 03:30:01,1.3139,1.314,1.3141,1.3136,0.0003
2007-01-04 03:33:04,1.3139,1.3133,1.314,1.3133,0.0003
2007-01-04 03:36:02,1.3132,1.3137,1.3139,1.3128,0.0003
2007-01-04 03:39:05,1.3138,1.3137,1.3139,1.3135,0.0003
2007-01-04 03:42:13,1.3136,1.3134,1.3137,1.3131,0.0003
2007-01-04 03:45:01,1.3133,1.3137,1.3137,1.3133,0.0003
2007-01-04 03:48:06,1.3136,1.3138,1.3139,1.3136,0.0003
2007-01-04 03:51:01,1.3137,1.3126,1.3138,1.3123,0.0003
2007-01-04 03:54:00,1.3127,1.3121,1.3127,1.312,0.0003
2007-01-04 03:57:03,1.312,1.3122,1.3122,1.3116,0.0003
2007-01-04 04:00:05,1.3123,1.3124,1.3124,1.3119,0.0003
2007-01-04 04:03:01,1.3123,1.3128,1.3128,1.3123,0.0003
2007-01-04 04:06:10,1.3127,1.3127,1.3128,1.3126,0.0003
2007-01-04 04:09:04,1.3128,1.3127,1.313,1.3127,0.0003
2007-01-04 04:12:02,1.3128,1.3121,1.3128,1.3121,0.0003
2007-01-04 04:15:05,1.3122,1.3121,1.3123,1.3121,0.0003
2007-01-04 04:18:19,1.3122,1.3125,1.3125,1.3121,0.0003
2007-01-04 04:21:07,1.3124,1.3123,1.3125,1.3119,0.0003
2007-01-04 04:24:05,1.3122,1.3121,1.3123,1.312,0.0003
2007-01-04 04:27:04,1.312,1.3116,1.3123,1.3114,0.0003
2007-01-04 04:30:04,1.3115,1.3114,1.3116,1.3114,0.0003
2007-01-04 04:33:02,1.3113,1.3104,1.3115,1.3104,0.0003
2007-01-04 04:36:08,1.3103,1.311,1.311,1.31,0.0003
2007-01-04 04:39:04,1.3109,1.3108,1.3112,1.3107,0.0003
2007-01-04 04:42:05,1.3107,1.3109,1.3109,1.3107,0.0003
2007-01-04 04:45:14,1.311,1.311,1.3111,1.3108,0.0003
2007-01-04 04:48:00,1.3109,1.3112,1.3112,1.3109,0.0003
2007-01-04 04:51:11,1.3111,1.3112,1.3113,1.311,0.0003
2007-01-04 04:54:20,1.3113,1.3114,1.3114,1.311,0.0003
2007-01-04 04:57:01,1.3113,1.3113,1.3114,1.3112,0.0003
2007-01-04 05:00:00,1.3114,1.3114,1.3115,1.3113,0.0003
2007-01-04 05:03:18,1.3113,1.3117,1.3117,1.3113,0.0003
2007-01-04 05:06:11,1.3116,1.3116,1.3117,1.3115,0.0003
2007-01-04 05:09:01,1.3115,1.3113,1.3116,1.3113,0.0003
2007-01-04 05:12:28,1.3114,1.311,1.3115,1.311,0.0003
2007-01-04 05:15:22,1.3109,1.3109,1.3111,1.3109,0.0003
2007-01-04 05:18:05,1.311,1.3107,1.3111,1.3107,0.0003
2007-01-04 05:21:11,1.3108,1.3108,1.311,1.3107,0.0003
2007-01-04 05:24:07,1.3109,1.3108,1.3111,1.3108,0.0003
2007-01-04 05:27:17,1.3109,1.3111,1.3112,1.3108,0.0003
2007-01-04 05:30:00,1.3112,1.3111,1.3112,1.3109,0.0003
2007-01-04 05:33:11,1.311,1.3107,1.3111,1.3107,0.0003
2007-01-04 05:36:01,1.3108,1.3106,1.3109,1.3105,0.0003
2007-01-04 05:39:32,1.3107,1.3103,1.3107,1.3103,0.0003
2007-01-04 05:42:16,1.3104,1.3105,1.3105,1.31,0.0003
2007-01-04 05:45:01,1.3104,1.3105,1.3107,1.3104,0.0003
2007-01-04 05:48:41,1.3106,1.3104,1.3106,1.3104,0.0003
2007-01-04 05:51:00,1.3105,1.3093,1.3105,1.3093,0.0003
2007-01-04 05:54:05,1.3094,1.3095,1.3097,1.309,0.0003
2007-01-04 05:57:01,1.3094,1.3092,1.3095,1.3089,0.0003
2007-01-04 06:00:17,1.3091,1.3091,1.3092,1.309,0.0003
2007-01-04 06:03:05,1.3092,1.3092,1.3093,1.3091,0.0003
2007-01-04 06:06:04,1.3093,1.3098,1.3099,1.3091,0.0003
2007-01-04 06:09:10,1.3097,1.3096,1.3098,1.3096,0.0003
2007-01-04 06:12:31,1.3097,1.3099,1.3099,1.3096,0.0003
2007-01-04 06:15:01,1.3098,1.31,1.3101,1.3098,0.0003
2007-01-04 06:18:25,1.3099,1.3099,1.3101,1.3099,0.0003
2007-01-04 06:21:03,1.31,1.3103,1.3103,1.3099,0.0003
2007-01-04 06:24:01,1.3104,1.3106,1.3108,1.3103,0.0003
2007-01-04 06:28:10,1.3107,1.3106,1.3108,1.3106,0.0003
2007-01-04 06:31:07,1.3107,1.311,1.3111,1.3106,0.0003
2007-01-04 06:34:43,1.3111,1.3107,1.3111,1.3105,0.0003
2007-01-04 06:37:03,1.3106,1.3103,1.3107,1.3103,0.0003
2007-01-04 06:40:35,1.3102,1.3103,1.3104,1.3102,0.0003
2007-01-04 06:43:50,1.3104,1.3104,1.3105,1.3103,0.0003
2007-01-04 06:46:17,1.3103,1.3104,1.3104,1.31,0.0003
2007-01-04 06:49:04,1.3103,1.3101,1.3104,1.3101,0.0003
2007-01-04 06:52:19,1.3102,1.3103,1.3103,1.3101,0.0003
2007-01-04 06:55:14,1.3102,1.3103,1.3103,1.3102,0.0003
2007-01-04 06:58:24,1.3102,1.3106,1.3106,1.3102,0.0003
2007-01-04 07:00:08,1.3105,1.3105,1.3106,1.3105,0.0003
2007-01-04 07:03:27,1.3106,1.3103,1.3107,1.3103,0.0003
2007-01-04 07:06:16,1.3104,1.3107,1.3107,1.3103,0.0003
2007-01-04 07:09:01,1.3106,1.3109,1.3109,1.3106,0.0003
2007-01-04 07:12:06,1.3108,1.311,1.3111,1.3108,0.0003
2007-01-04 07:15:16,1.3111,1.3112,1.3113,1.311,0.0003
2007-01-04 07:18:16,1.3113,1.3112,1.3113,1.3111,0.0003
2007-01-04 07:21:16,1.3113,1.3111,1.3113,1.3111,0.0003
2007-01-04 07:24:04,1.311,1.3111,1.3112,1.3107,0.0003
2007-01-04 07:27:13,1.3112,1.3107,1.3112,1.3107,0.0003
2007-01-04 07:30:03,1.3106,1.3104,1.3107,1.3102,0.0003
2007-01-04 07:33:00,1.3103,1.3104,1.3107,1.3102,0.0003
2007-01-04 07:36:23,1.3103,1.3103,1.3104,1.3102,0.0003
2007-01-04 07:39:01,1.3102,1.3107,1.3107,1.3102,0.0003
2007-01-04 07:42:43,1.3106,1.3104,1.3107,1.3103,0.0003
2007-01-04 07:45:32,1.3103,1.3104,1.3104,1.3102,0.0003
2007-01-04 07:48:00,1.3105,1.3105,1.3106,1.3104,0.0003
2007-01-04 07:51:13,1.3104,1.3104,1.3105,1.3102,0.0003
2007-01-04 07:54:30,1.3103,1.3103,1.3104,1.3101,0.0003
2007-01-04 07:57:00,1.3102,1.3103,1.3104,1.3102,0.0003
2007-01-04 08:00:01,1.3104,1.3112,1.3113,1.3103,0.0003
2007-01-04 08:03:00,1.3111,1.311,1.3112,1.3108,0.0003
2007-01-04 08:06:08,1.3109,1.3109,1.311,1.3108,0.0003
2007-01-04 08:09:04,1.3108,1.3108,1.3109,1.3107,0.0003
2007-01-04 08:12:23,1.3109,1.3107,1.3109,1.3106,0.0003
2007-01-04 08:15:00,1.3108,1.3109,1.3109,1.3106,0.0003
2007-01-04 08:18:27,1.3108,1.311,1.311,1.3107,0.0003
2007-01-04 08:21:05,1.3109,1.3108,1.3111,1.3107,0.0003
2007-01-04 08:24:14,1.3107,1.3105,1.3108,1.3105,0.0003
2007-01-04 08:27:24,1.3104,1.3107,1.3107,1.3104,0.0003
2007-01-04 08:30:05,1.3106,1.3106,1.311,1.3106,0.0003
2007-01-04 08:33:00,1.3105,1.3106,1.3111,1.3099,0.0003
2007-01-04 08:36:01,1.3107,1.3114,1.3118,1.3104,0.0003
2007-01-04 08:39:03,1.3113,1.3111,1.3114,1.3108,0.0003
2007-01-04 08:42:06,1.311,1.3109,1.3113,1.3107,0.0003
2007-01-04 08:45:08,1.311,1.3108,1.311,1.3107,0.0003
2007-01-04 08:48:00,1.3109,1.3108,1.3109,1.3106,0.0003
2007-01-04 08:51:03,1.3107,1.3104,1.311,1.3104,0.0003
2007-01-04 08:54:01,1.3105,1.3106,1.3106,1.3099,0.0003
2007-01-04 08:57:00,1.3107,1.3112,1.3112,1.3106,0.0003
2007-01-04 09:00:01,1.3111,1.3111,1.3114,1.311,0.0003
2007-01-04 09:03:01,1.3112,1.3109,1.3112,1.3107,0.0003
2007-01-04 09:06:00,1.3108,1.3105,1.3109,1.3105,0.0003
2007-01-04 09:09:01,1.3106,1.3106,1.3107,1.3102,0.0003
2007-01-04 09:12:00,1.3105,1.3104,1.3106,1.3103,0.0003
2007-01-04 09:15:00,1.3105,1.3092,1.3105,1.3092,0.0003
2007-01-04 09:18:01,1.3093,1.3089,1.3096,1.3086,0.0003
2007-01-04 09:21:17,1.3088,1.3094,1.3094,1.3088,0.0003
2007-01-04 09:24:05,1.3095,1.3093,1.3096,1.3091,0.0003
2007-01-04 09:27:10,1.3094,1.3096,1.3098,1.3093,0.0003
2007-01-04 09:30:06,1.3097,1.3097,1.3098,1.3095,0.0003
2007-01-04 09:33:02,1.3096,1.3093,1.3097,1.3093,0.0003
2007-01-04 09:36:03,1.3094,1.3093,1.3097,1.3092,0.0003
2007-01-04 09:39:03,1.3092,1.3094,1.3095,1.3091,0.0003
2007-01-04 09:42:07,1.3093,1.3089,1.3094,1.3089,0.0003
2007-01-04 09:45:13,1.309,1.3092,1.3093,1.3089,0.0003
2007-01-04 09:48:04,1.3091,1.3093,1.3094,1.309,0.0003
2007-01-04 09:51:01,1.3092,1.3085,1.3093,1.3084,0.0003
2007-01-04 09:54:29,1.3084,1.3091,1.3091,1.3084,0.0003
2007-01-04 09:57:02,1.3092,1.3088,1.3092,1.3088,0.0003
2007-01-04 10:00:01,1.3089,1.3092,1.3092,1.3088,0.0003
2007-01-04 10:03:01,1.3091,1.3097,1.3099,1.3088,0.0003
2007-01-04 10:06:02,1.3096,1.3095,1.3099,1.3095,0.0003
2007-01-04 10:09:01,1.3094,1.3099,1.3099,1.3089,0.0003
2007-01-04 10:12:00,1.31,1.3114,1.3116,1.3099,0.0003
2007-01-04 10:15:09,1.3113,1.3112,1.3119,1.3112,0.0003
2007-01-04 10:18:01,1.3111,1.3105,1.3112,1.3104,0.0003
2007-01-04 10:21:00,1.3106,1.3094,1.3107,1.3094,0.0003
2007-01-04 10:24:02,1.3095,1.3092,1.3098,1.3088,0.0003
2007-01-04 10:27:07,1.3091,1.3091,1.3095,1.3089,0.0003
2007-01-04 10:30:09,1.309,1.3096,1.3096,1.3089,0.0003
2007-01-04 10:33:15,1.3095,1.3094,1.3096,1.3094,0.0003
2007-01-04 10:36:13,1.3093,1.3094,1.3094,1.3091,0.0003
2007-01-04 10:39:00,1.3095,1.3091,1.3096,1.3091,0.0003
2007-01-04 10:42:06,1.3092,1.3097,1.3097,1.3091,0.0003
2007-01-04 10:45:00,1.3098,1.3099,1.3101,1.3097,0.0003
2007-01-04 10:48:09,1.31,1.3096,1.3101,1.3096,0.0003
2007-01-04 10:51:00,1.3095,1.3095,1.3098,1.3094,0.0003
2007-01-04 10:54:12,1.3094,1.3094,1.3096,1.3093,0.0003
2007-01-04 10:57:10,1.3095,1.3096,1.3097,1.3094,0.0003
2007-01-04 11:00:06,1.3095,1.3091,1.3096,1.3091,0.0003
2007-01-04 11:03:09,1.3092,1.3092,1.3094,1.3091,0.0003
2007-01-04 11:06:20,1.3093,1.3093,1.3094,1.3091,0.0003
2007-01-04 11:10:17,1.3094,1.3094,1.3094,1.3089,0.0003
2007-01-04 11:13:00,1.3093,1.3081,1.3094,1.3079,0.0003
2007-01-04 11:16:00,1.308,1.3084,1.3085,1.3079,0.0003
2007-01-04 11:19:02,1.3085,1.3086,1.3087,1.3083,0.0003
2007-01-04 11:22:37,1.3085,1.3089,1.3092,1.3085,0.0003
2007-01-04 11:25:16,1.309,1.3091,1.3091,1.3087,0.0003
2007-01-04 11:28:01,1.309,1.3085,1.3091,1.3085,0.0003
2007-01-04 11:31:10,1.3083,1.309,1.3092,1.3083,0.0003
2007-01-04 11:34:10,1.3089,1.3091,1.3091,1.3089,0.0003
2007-01-04 11:37:00,1.309,1.3086,1.3091,1.3086,0.0003
2007-01-04 11:40:01,1.3087,1.309,1.3091,1.3084,0.0003
2007-01-04 11:43:08,1.3091,1.3094,1.3095,1.309,0.0003
2007-01-04 11:46:23,1.3095,1.3094,1.3096,1.3094,0.0003
2007-01-04 11:49:55,1.3095,1.3098,1.3098,1.3094,0.0003
2007-01-04 11:52:25,1.3099,1.3097,1.31,1.3097,0.0003
2007-01-04 11:56:23,1.3098,1.3099,1.3099,1.3097,0.0003
2007-01-04 11:59:05,1.3098,1.3096,1.31,1.3096,0.0003
2007-01-04 12:00:11,1.3097,1.3095,1.3097,1.3095,0.0003
2007-01-04 12:03:02,1.3094,1.3095,1.3096,1.3094,0.0003
2007-01-04 12:07:12,1.3094,1.3095,1.3097,1.3093,0.0003
2007-01-04 12:10:00,1.3096,1.3096,1.3097,1.3095,0.0003
2007-01-04 12:13:07,1.3097,1.3098,1.3099,1.3096,0.0003
2007-01-04 12:16:07,1.3097,1.3101,1.3102,1.3097,0.0003
2007-01-04 12:19:54,1.31,1.3099,1.3101,1.3099,0.0003
2007-01-04 12:22:17,1.31,1.3098,1.31,1.3097,0.0003
2007-01-04 12:25:04,1.3097,1.3095,1.3098,1.3095,0.0003
2007-01-04 12:29:07,1.3096,1.3096,1.3097,1.3095,0.0003
2007-01-04 12:32:02,1.3095,1.3092,1.3096,1.3091,0.0003
2007-01-04 12:35:03,1.3091,1.3091,1.3093,1.3091,0.0003
2007-01-04 12:38:06,1.3092,1.309,1.3093,1.309,0.0003
2007-01-04 12:41:33,1.3091,1.3097,1.3097,1.309,0.0003
2007-01-04 12:45:01,1.3096,1.3097,1.3099,1.3096,0.0003
2007-01-04 12:48:11,1.3098,1.3099,1.3099,1.3095,0.0003
2007-01-04 12:51:13,1.3098,1.3099,1.31,1.3098,0.0003
2007-01-04 12:54:12,1.3098,1.3098,1.3099,1.3097,0.0003
2007-01-04 12:57:08,1.3097,1.3097,1.3098,1.3097,0.0003
2007-01-04 13:00:01,1.3098,1.3097,1.3098,1.3096,0.0003
2007-01-04 13:03:25,1.3096,1.3099,1.31,1.3095,0.0003
2007-01-04 13:06:22,1.3098,1.3099,1.31,1.3098,0.0003
2007-01-04 13:09:02,1.31,1.3098,1.31,1.3096,0.0003
2007-01-04 13:12:26,1.3097,1.3096,1.3098,1.3096,0.0003
2007-01-04 13:16:07,1.3097,1.3097,1.3097,1.3096,0.0003
2007-01-04 13:19:32,1.3096,1.3095,1.3097,1.3095,0.0003
2007-01-04 13:22:00,1.3096,1.3096,1.3097,1.3095,0.0003
2007-01-04 13:25:05,1.3097,1.3096,1.3097,1.3096,0.0003
2007-01-04 13:28:27,1.3097,1.3098,1.3098,1.3096,0.0003
2007-01-04 13:31:49,1.3097,1.3096,1.3099,1.3096,0.0003
2007-01-04 13:34:47,1.3097,1.3097,1.3097,1.3096,0.0003
2007-01-04 13:38:14,1.3096,1.3097,1.3097,1.3096,0.0003
2007-01-04 13:41:09,1.3096,1.3098,1.3099,1.3096,0.0003
2007-01-04 13:44:40,1.3099,1.3096,1.3099,1.3096,0.0003
2007-01-04 13:49:27,1.3097,1.3096,1.3097,1.3096,0.0003
2007-01-04 13:53:18,1.3097,1.3097,1.3097,1.3096,0.0003
2007-01-04 13:56:36,1.3096,1.3095,1.3097,1.3095,0.0003
2007-01-04 13:59:20,1.3096,1.3095,1.3096,1.3095,0.0003
2007-01-04 14:01:13,1.3096,1.3094,1.3096,1.3094,0.0003
2007-01-04 14:04:32,1.3093,1.3093,1.3095,1.3093,0.0003
2007-01-04 14:07:17,1.3094,1.3091,1.3094,1.3091,0.0003
2007-01-04 14:12:37,1.3092,1.3091,1.3092,1.3087,0.0003
2007-01-04 14:15:36,1.309,1.3092,1.3092,1.309,0.0003
2007-01-04 14:18:50,1.3091,1.3091,1.3092,1.3091,0.0003
2007-01-04 14:21:36,1.309,1.3091,1.3091,1.3089,0.0003
2007-01-04 14:24:03,1.3092,1.3089,1.3092,1.3087,0.0003
2007-01-04 14:27:04,1.3088,1.3087,1.3089,1.3086,0.0003
2007-01-04 14:30:01,1.3088,1.3088,1.3089,1.3086,0.0003
2007-01-04 14:33:30,1.3089,1.3088,1.3089,1.3086,0.0003
2007-01-04 14:37:25,1.3087,1.3087,1.3088,1.3087,0.0003
2007-01-04 14:41:05,1.3088,1.3087,1.3089,1.3087,0.0003
2007-01-04 14:44:07,1.3088,1.309,1.309,1.3087,0.0003
2007-01-04 14:47:48,1.3091,1.3092,1.3093,1.309,0.0003
2007-01-04 14:50:03,1.3091,1.3092,1.3094,1.3091,0.0003
2007-01-04 14:55:05,1.3091,1.3091,1.3092,1.309,0.0003
2007-01-04 14:58:08,1.3092,1.3091,1.3092,1.3091,0.0003
2007-01-04 15:00:15,1.3092,1.3088,1.3092,1.3087,0.0003
2007-01-04 15:03:03,1.3087,1.3087,1.3088,1.3087,0.0003
2007-01-04 15:06:24,1.3088,1.3088,1.3088,1.3087,0.0003
2007-01-04 15:09:14,1.3087,1.3087,1.3088,1.3087,0.0003
2007-01-04 15:14:27,1.3088,1.3086,1.3088,1.3086,0.0003
2007-01-04 15:17:50,1.3087,1.3087,1.3087,1.3086,0.0003
2007-01-04 15:20:59,1.3086,1.3085,1.3087,1.3085,0.0003
2007-01-04 15:23:00,1.3086,1.3085,1.3086,1.3085,0.0003
2007-01-04 15:26:30,1.3084,1.3083,1.3085,1.3083,0.0003
2007-01-04 15:29:37,1.3082,1.3083,1.3085,1.3082,0.0003
2007-01-04 15:32:00,1.3084,1.3083,1.3084,1.3083,0.0003
2007-01-04 15:35:13,1.3084,1.3083,1.3085,1.3083,0.0003
2007-01-04 15:38:23,1.3084,1.3081,1.3084,1.3081,0.0003
2007-01-04 15:41:03,1.308,1.3081,1.3082,1.3079,0.0003
2007-01-04 15:44:12,1.308,1.3082,1.3082,1.308,0.0003
2007-01-04 15:47:03,1.3081,1.3083,1.3084,1.3081,0.0003
2007-01-04 15:50:51,1.3084,1.3084,1.3084,1.3083,0.0003
2007-01-04 15:54:39,1.3083,1.3084,1.3084,1.3083,0.0003
2007-01-04 15:57:00,1.3083,1.3083,1.3084,1.3083,0.0003
2007-01-04 16:00:16,1.3084,1.3083,1.3084,1.3083,0.0003
2007-01-04 16:07:27,1.3084,1.3085,1.3085,1.3082,0.0003
2007-01-04 16:10:16,1.3084,1.3086,1.3086,1.3084,0.0003
2007-01-04 16:14:42,1.3085,1.3087,1.3087,1.3085,0.0003
2007-01-04 16:17:04,1.3086,1.3085,1.3087,1.3085,0.0003
2007-01-04 16:20:02,1.3086,1.3085,1.3086,1.3084,0.0003
2007-01-04 16:23:54,1.3084,1.3085,1.3087,1.3084,0.0003
2007-01-04 16:27:28,1.3086,1.3084,1.3086,1.3084,0.0003
2007-01-04 16:31:09,1.3085,1.3087,1.3087,1.3084,0.0003
2007-01-04 16:35:11,1.3086,1.3083,1.3087,1.3083,0.0003
2007-01-04 16:38:02,1.3084,1.3085,1.3085,1.3083,0.0003
2007-01-04 16:41:45,1.3084,1.3084,1.3086,1.3084,0.0003
2007-01-04 16:45:30,1.3085,1.3084,1.3085,1.3083,0.0003
2007-01-04 16:49:04,1.3083,1.3086,1.3086,1.3083,0.0003
2007-01-04 16:53:27,1.3087,1.3085,1.3087,1.3085,0.0003
2007-01-04 16:56:29,1.3086,1.3084,1.3086,1.3084,0.0003
2007-01-04 16:59:05,1.3085,1.3085,1.3086,1.3083,0.0003
2007-01-04 17:00:00,1.3086,1.3086,1.3086,1.3085,0.0003
2007-01-04 17:03:13,1.3087,1.3086,1.3088,1.3086,0.0003
2007-01-04 17:06:04,1.3087,1.3088,1.3089,1.3086,0.0003
2007-01-04 17:09:46,1.3089,1.3091,1.3091,1.3088,0.0003
2007-01-04 17:12:46,1.3092,1.3094,1.3095,1.3091,0.0003
2007-01-04 17:16:26,1.3095,1.3091,1.3095,1.3091,0.0003
2007-01-04 17:19:27,1.3092,1.309,1.3092,1.309,0.0003
2007-01-04 17:22:46,1.3089,1.309,1.309,1.3087,0.0003
2007-01-04 17:25:09,1.3091,1.3091,1.3091,1.309,0.0003
2007-01-04 17:28:42,1.3092,1.3092,1.3093,1.309,0.0003
2007-01-04 17:31:09,1.3091,1.3092,1.3092,1.3091,0.0003
2007-01-04 17:34:17,1.3091,1.3091,1.3092,1.3088,0.0003
2007-01-04 17:37:02,1.309,1.3089,1.3091,1.3087,0.0003
2007-01-04 17:40:45,1.3088,1.309,1.3092,1.3087,0.0003
2007-01-04 17:43:03,1.3089,1.3088,1.309,1.3088,0.0003
2007-01-04 17:47:33,1.3089,1.309,1.309,1.3088,0.0003
2007-01-04 17:50:09,1.3089,1.3088,1.309,1.3088,0.0003
2007-01-04 17:53:09,1.309,1.3093,1.3093,1.3088,0.0003
2007-01-04 17:56:34,1.3092,1.3093,1.3095,1.3092,0.0003
2007-01-04 17:59:20,1.3092,1.3091,1.3093,1.3091,0.0003
2007-01-04 18:00:04,1.3092,1.3093,1.3093,1.3091,0.0003
2007-01-04 18:03:39,1.3092,1.3091,1.3095,1.3091,0.0003
2007-01-04 18:06:02,1.3092,1.309,1.3092,1.3088,0.0003
2007-01-04 18:09:11,1.3089,1.3089,1.309,1.3087,0.0003
2007-01-04 18:12:07,1.3088,1.3089,1.309,1.3088,0.0003
2007-01-04 18:15:07,1.309,1.3089,1.309,1.3087,0.0003
2007-01-04 18:19:14,1.3088,1.3089,1.3089,1.3087,0.0003
2007-01-04 18:22:17,1.309,1.309,1.3091,1.3089,0.0003
2007-01-04 18:25:54,1.3089,1.3088,1.309,1.3088,0.0003
2007-01-04 18:28:46,1.3089,1.3089,1.3091,1.3088,0.0003
2007-01-04 18:31:01,1.309,1.3087,1.309,1.3087,0.0003
2007-01-04 18:36:17,1.3088,1.3089,1.3089,1.3087,0.0003
2007-01-04 18:39:00,1.3088,1.3092,1.3092,1.3088,0.0003
2007-01-04 18:42:26,1.3091,1.3092,1.3092,1.309,0.0003
2007-01-04 18:45:04,1.3091,1.3092,1.3093,1.3091,0.0003
2007-01-04 18:48:06,1.3093,1.3094,1.3096,1.3092,0.0003
2007-01-04 18:51:12,1.3095,1.3093,1.3095,1.3093,0.0003
2007-01-04 18:54:37,1.3092,1.309,1.3093,1.3089,0.0003
2007-01-04 18:57:04,1.3089,1.3091,1.3092,1.3089,0.0003
2007-01-04 19:00:18,1.3092,1.3091,1.3092,1.309,0.0003
2007-01-04 19:03:00,1.309,1.3089,1.3091,1.3088,0.0003
2007-01-04 19:06:29,1.3088,1.3088,1.3089,1.3088,0.0003
2007-01-04 19:11:54,1.3089,1.3091,1.3091,1.3088,0.0003
2007-01-04 19:14:35,1.309,1.3093,1.3093,1.309,0.0003
2007-01-04 19:17:03,1.3094,1.3093,1.3094,1.3093,0.0003
2007-01-04 19:20:43,1.3094,1.3094,1.3094,1.3093,0.0003
2007-01-04 19:23:54,1.3093,1.3091,1.3094,1.3091,0.0003
2007-01-04 19:27:22,1.3092,1.3089,1.3092,1.3089,0.0003
2007-01-04 19:30:58,1.3088,1.3089,1.3091,1.3088,0.0003
2007-01-04 19:33:27,1.3088,1.3089,1.3089,1.3088,0.0003
2007-01-04 19:36:01,1.3088,1.3086,1.3089,1.3086,0.0003
2007-01-04 19:39:16,1.3085,1.3084,1.3086,1.3084,0.0003
2007-01-04 19:42:51,1.3085,1.3084,1.3086,1.3084,0.0003
2007-01-04 19:45:19,1.3083,1.3085,1.3085,1.3083,0.0003
2007-01-04 19:48:12,1.3084,1.308,1.3085,1.308,0.0003
2007-01-04 19:51:36,1.3081,1.3081,1.3082,1.3079,0.0003
2007-01-04 19:54:06,1.308,1.3079,1.3081,1.3078,0.0003
2007-01-04 19:57:06,1.3078,1.3078,1.308,1.3077,0.0003
2007-01-04 20:00:02,1.3079,1.308,1.308,1.3077,0.0003
2007-01-04 20:03:18,1.3079,1.308,1.3083,1.3079,0.0003
2007-01-04 20:06:19,1.3081,1.3081,1.3082,1.3079,0.0003
2007-01-04 20:09:14,1.3082,1.3082,1.3082,1.3081,0.0003
2007-01-04 20:12:15,1.3083,1.3083,1.3083,1.3082,0.0003
2007-01-04 20:15:01,1.3082,1.3083,1.3083,1.3081,0.0003
2007-01-04 20:18:44,1.3082,1.3086,1.3086,1.3082,0.0003
2007-01-04 20:21:03,1.3087,1.3087,1.3088,1.3086,0.0003
2007-01-04 20:24:00,1.3088,1.3088,1.3091,1.3087,0.0003
2007-01-04 20:27:06,1.3087,1.3092,1.3093,1.3087,0.0003
2007-01-04 20:30:13,1.3091,1.3091,1.3092,1.309,0.0003
2007-01-04 20:33:23,1.309,1.3089,1.3091,1.3089,0.0003
2007-01-04 20:37:47,1.3088,1.3088,1.3089,1.3088,0.0003
2007-01-04 20:40:16,1.3089,1.309,1.3092,1.3088,0.0003
2007-01-04 20:43:17,1.3091,1.3091,1.3091,1.309,0.0003
2007-01-04 20:46:01,1.309,1.3089,1.3091,1.3087,0.0003
2007-01-04 20:51:20,1.3088,1.3089,1.309,1.3088,0.0003
2007-01-04 20:54:50,1.309,1.3089,1.309,1.3089,0.0003
2007-01-04 20:57:47,1.309,1.3086,1.309,1.3086,0.0003
2007-01-04 21:03:27,1.3087,1.3087,1.3088,1.3086,0.0003
2007-01-04 21:07:22,1.3086,1.3086,1.3088,1.3086,0.0003
2007-01-04 21:10:06,1.3087,1.3088,1.3088,1.3085,0.0003
2007-01-04 21:13:12,1.3087,1.3088,1.3088,1.3087,0.0003
2007-01-04 21:16:31,1.3087,1.3085,1.3088,1.3085,0.0003
2007-01-04 21:19:22,1.3084,1.3086,1.3087,1.3084,0.0003
2007-01-04 21:23:16,1.3085,1.3084,1.3086,1.3084,0.0003
2007-01-04 21:28:24,1.3085,1.3084,1.3085,1.3084,0.0003
2007-01-04 21:31:14,1.3085,1.3084,1.3085,1.3084,0.0003
2007-01-04 21:34:01,1.3085,1.3084,1.3085,1.3083,0.0003
2007-01-04 21:37:47,1.3085,1.3085,1.3085,1.3084,0.0003
2007-01-04 21:40:41,1.3084,1.3086,1.3086,1.3084,0.0003
2007-01-04 21:43:32,1.3085,1.3083,1.3086,1.3083,0.0003
2007-01-04 21:47:41,1.3084,1.3084,1.3084,1.3082,0.0003
2007-01-04 21:50:48,1.3083,1.3083,1.3085,1.3083,0.0003
2007-01-04 21:53:17,1.3082,1.308,1.3083,1.308,0.0003
2007-01-04 21:56:09,1.3079,1.3079,1.308,1.3078,0.0003
2007-01-04 22:00:31,1.3078,1.3076,1.3079,1.3076,0.0003
2007-01-04 22:03:01,1.3077,1.3068,1.3077,1.3067,0.0003
2007-01-04 22:06:01,1.3067,1.3065,1.3068,1.3064,0.0003
2007-01-04 22:09:07,1.3066,1.3069,1.3069,1.3065,0.0003
2007-01-04 22:12:02,1.3068,1.3067,1.3069,1.3066,0.0003
2007-01-04 22:16:01,1.3068,1.3069,1.307,1.3067,0.0003
2007-01-04 22:19:28,1.307,1.3069,1.307,1.3069,0.0003
2007-01-04 22:22:51,1.3068,1.3071,1.3071,1.3067,0.0003
2007-01-04 22:25:06,1.307,1.3074,1.3074,1.307,0.0003
2007-01-04 22:28:07,1.3072,1.3071,1.3074,1.3071,0.0003
2007-01-04 22:31:03,1.3072,1.3072,1.3073,1.307,0.0003
2007-01-04 22:34:12,1.3073,1.3073,1.3075,1.3072,0.0003
2007-01-04 22:37:11,1.3074,1.3079,1.3079,1.3073,0.0003
2007-01-04 22:40:05,1.3078,1.3078,1.3079,1.3078,0.0003
2007-01-04 22:43:08,1.3079,1.3079,1.3082,1.3078,0.0003
2007-01-04 22:46:01,1.3078,1.3072,1.308,1.3072,0.0003
2007-01-04 22:49:29,1.3073,1.3074,1.3074,1.3072,0.0003
2007-01-04 22:52:14,1.3075,1.3074,1.3075,1.3073,0.0003
2007-01-04 22:55:11,1.3073,1.3073,1.3074,1.3073,0.0003
2007-01-04 22:59:41,1.3074,1.3075,1.3076,1.3073,0.0003
2007-01-04 23:00:08,1.3074,1.3074,1.3075,1.3074,0.0003
2007-01-04 23:03:11,1.3073,1.3073,1.3074,1.3072,0.0003
2007-01-04 23:06:38,1.3072,1.3074,1.3074,1.3072,0.0003
2007-01-04 23:09:07,1.3073,1.3071,1.3074,1.3071,0.0003
2007-01-04 23:12:18,1.3072,1.3072,1.3072,1.3071,0.0003
2007-01-04 23:15:29,1.3071,1.3072,1.3074,1.3071,0.0003
2007-01-04 23:18:02,1.3071,1.3073,1.3073,1.3071,0.0003
2007-01-04 23:21:36,1.3072,1.3069,1.3073,1.3069,0.0003
2007-01-04 23:24:00,1.307,1.3069,1.307,1.3069,0.0003
2007-01-04 23:27:18,1.307,1.307,1.307,1.3068,0.0003
2007-01-04 23:30:43,1.3069,1.3069,1.3071,1.3069,0.0003
2007-01-04 23:33:27,1.307,1.307,1.307,1.3069,0.0003
2007-01-04 23:36:22,1.3071,1.307,1.3071,1.307,0.0003
2007-01-04 23:39:54,1.3069,1.307,1.307,1.3069,0.0003
2007-01-04 23:42:38,1.3069,1.3069,1.307,1.3069,0.0003
2007-01-04 23:46:44,1.307,1.307,1.307,1.3068,0.0003
2007-01-04 23:49:02,1.3069,1.3072,1.3072,1.3069,0.0003
2007-01-04 23:52:01,1.3071,1.3071,1.3072,1.307,0.0003
2007-01-04 23:55:13,1.307,1.3071,1.3071,1.3069,0.0003
2007-01-04 23:59:54,1.307,1.3072,1.3073,1.307,0.0003
2007-01-05 00:00:01,1.3073,1.3072,1.3073,1.3072,0.0003
2007-01-05 00:04:36,1.3073,1.3073,1.3074,1.3071,0.0003
2007-01-05 00:07:23,1.3074,1.3075,1.3075,1.3073,0.0003
2007-01-05 00:10:02,1.3074,1.3074,1.3075,1.3072,0.0003
2007-01-05 00:14:14,1.3073,1.3074,1.3074,1.3072,0.0003
2007-01-05 00:17:31,1.3075,1.3074,1.3075,1.3073,0.0003
2007-01-05 00:21:28,1.3075,1.3076,1.3076,1.3074,0.0003
2007-01-05 00:24:23,1.3077,1.3076,1.3077,1.3075,0.0003
2007-01-05 00:27:08,1.3077,1.3077,1.3078,1.3076,0.0003
2007-01-05 00:30:29,1.3076,1.3075,1.3078,1.3075,0.0003
2007-01-05 00:33:11,1.3076,1.3077,1.3077,1.3075,0.0003
2007-01-05 00:37:52,1.3076,1.3079,1.3079,1.3076,0.0003
2007-01-05 00:40:11,1.308,1.3081,1.3081,1.3079,0.0003
2007-01-05 00:43:57,1.308,1.3079,1.3081,1.3079,0.0003
2007-01-05 00:46:16,1.308,1.308,1.308,1.3078,0.0003
2007-01-05 00:49:35,1.3079,1.3078,1.308,1.3078,0.0003
2007-01-05 00:52:06,1.3077,1.3077,1.3078,1.3077,0.0003
2007-01-05 00:56:27,1.3078,1.3077,1.3078,1.3077,0.0003
2007-01-05 00:59:15,1.3078,1.3078,1.3078,1.3077,0.0003
2007-01-05 01:00:01,1.3079,1.308,1.308,1.3078,0.0003
2007-01-05 01:03:23,1.3079,1.308,1.3081,1.3078,0.0003
2007-01-05 01:08:08,1.3079,1.3079,1.308,1.3078,0.0003
2007-01-05 01:11:44,1.308,1.3077,1.308,1.3077,0.0003
2007-01-05 01:18:16,1.3078,1.3076,1.3078,1.3076,0.0003
2007-01-05 01:22:46,1.3077,1.3076,1.3077,1.3076,0.0003
2007-01-05 01:25:01,1.3077,1.3078,1.3078,1.3076,0.0003
2007-01-05 01:28:43,1.3077,1.3078,1.3078,1.3075,0.0003
2007-01-05 01:31:06,1.3079,1.3078,1.3079,1.3077,0.0003
2007-01-05 01:34:06,1.3077,1.3078,1.3078,1.3077,0.0003
2007-01-05 01:37:08,1.3079,1.308,1.308,1.3078,0.0003
2007-01-05 01:40:08,1.3079,1.3081,1.3082,1.3079,0.0003
2007-01-05 01:43:01,1.3082,1.3083,1.3084,1.3081,0.0003
2007-01-05 01:46:00,1.3084,1.3088,1.3089,1.3083,0.0003
2007-01-05 01:49:05,1.3089,1.3092,1.3093,1.3087,0.0003
2007-01-05 01:52:03,1.3091,1.3091,1.3092,1.3091,0.0003
2007-01-05 01:55:22,1.3092,1.3092,1.3095,1.3091,0.0003
2007-01-05 01:58:09,1.3093,1.3091,1.3093,1.309,0.0003
2007-01-05 02:00:20,1.309,1.3092,1.3092,1.309,0.0003
2007-01-05 02:03:00,1.3091,1.3092,1.3093,1.309,0.0003
2007-01-05 02:06:02,1.3091,1.3093,1.3093,1.309,0.0003
2007-01-05 02:09:06,1.3092,1.3091,1.3094,1.309,0.0003
2007-01-05 02:12:16,1.309,1.3088,1.3092,1.3088,0.0003
2007-01-05 02:15:13,1.3089,1.3085,1.3089,1.3084,0.0003
2007-01-05 02:18:18,1.3086,1.3089,1.3091,1.3085,0.0003
2007-01-05 02:21:02,1.3088,1.3085,1.3089,1.3085,0.0003
2007-01-05 02:24:02,1.3084,1.3081,1.3085,1.308,0.0003
2007-01-05 02:27:02,1.308,1.3082,1.3082,1.3073,0.0003
2007-01-05 02:30:06,1.3081,1.3086,1.3087,1.3081,0.0003
2007-01-05 02:33:23,1.3087,1.3086,1.3087,1.3085,0.0003
2007-01-05 02:36:00,1.3087,1.3088,1.3092,1.3086,0.0003
2007-01-05 02:39:00,1.3087,1.3092,1.3092,1.3087,0.0003
2007-01-05 02:42:04,1.3091,1.3093,1.3094,1.3091,0.0003
2007-01-05 02:45:16,1.3092,1.309,1.3093,1.3088,0.0003
2007-01-05 02:48:00,1.3089,1.3094,1.3095,1.3089,0.0003
2007-01-05 02:51:23,1.3095,1.3096,1.3096,1.3093,0.0003
2007-01-05 02:54:07,1.3095,1.31,1.31,1.3094,0.0003
2007-01-05 02:57:16,1.3101,1.3105,1.3106,1.31,0.0003
2007-01-05 03:00:05,1.3104,1.3104,1.3107,1.3103,0.0003
2007-01-05 03:03:01,1.3103,1.3098,1.3104,1.3096,0.0003
2007-01-05 03:06:16,1.3099,1.3099,1.31,1.3098,0.0003
2007-01-05 03:09:05,1.3098,1.3102,1.3102,1.3098,0.0003
2007-01-05 03:12:03,1.3103,1.3101,1.3105,1.3101,0.0003
2007-01-05 03:15:01,1.3102,1.31,1.3104,1.3098,0.0003
2007-01-05 03:18:12,1.3099,1.3104,1.3104,1.3097,0.0003
2007-01-05 03:21:00,1.3105,1.31,1.3105,1.3099,0.0003
2007-01-05 03:24:01,1.3101,1.3099,1.3103,1.3098,0.0003
2007-01-05 03:27:01,1.3098,1.3093,1.3101,1.309,0.0003
2007-01-05 03:30:13,1.3094,1.3091,1.3095,1.3091,0.0003
2007-01-05 03:33:12,1.3092,1.3091,1.3092,1.3089,0.0003
2007-01-05 03:36:26,1.309,1.3089,1.3091,1.3089,0.0003
2007-01-05 03:39:01,1.309,1.3091,1.3091,1.3089,0.0003
2007-01-05 03:42:00,1.309,1.3091,1.3093,1.309,0.0003
2007-01-05 03:45:06,1.3092,1.3091,1.3094,1.3091,0.0003
2007-01-05 03:48:02,1.3092,1.3091,1.3094,1.309,0.0003
2007-01-05 03:51:07,1.309,1.308,1.3091,1.3079,0.0003
2007-01-05 03:54:12,1.3079,1.3084,1.3085,1.3079,0.0003
2007-01-05 03:57:08,1.3083,1.3085,1.3086,1.3083,0.0003
2007-01-05 04:00:10,1.3086,1.3089,1.3089,1.3085,0.0003
2007-01-05 04:03:28,1.3088,1.3086,1.3089,1.3086,0.0003
2007-01-05 04:06:07,1.3087,1.3085,1.3087,1.3085,0.0003
2007-01-05 04:09:12,1.3086,1.3089,1.3089,1.3085,0.0003
2007-01-05 04:12:14,1.3088,1.309,1.3092,1.3088,0.0003
2007-01-05 04:15:02,1.3091,1.3091,1.3091,1.309,0.0003
2007-01-05 04:18:03,1.309,1.3087,1.3091,1.3085,0.0003
2007-01-05 04:21:01,1.3086,1.3087,1.3087,1.3085,0.0003
2007-01-05 04:24:03,1.3086,1.309,1.3091,1.3086,0.0003
2007-01-05 04:27:30,1.3089,1.309,1.3091,1.3089,0.0003
2007-01-05 04:30:06,1.3091,1.3087,1.3091,1.3087,0.0003
2007-01-05 04:33:02,1.3086,1.3088,1.3088,1.3086,0.0003
2007-01-05 04:36:26,1.3089,1.3089,1.309,1.3087,0.0003
2007-01-05 04:39:01,1.3088,1.3089,1.3089,1.3087,0.0003
2007-01-05 04:42:31,1.309,1.3095,1.3096,1.3089,0.0003
2007-01-05 04:45:03,1.3094,1.3099,1.3099,1.3094,0.0003
2007-01-05 04:48:09,1.3098,1.3097,1.3101,1.3097,0.0003
2007-01-05 04:51:01,1.3096,1.3091,1.3097,1.3091,0.0003
2007-01-05 04:54:15,1.3092,1.3097,1.3097,1.3091,0.0003
2007-01-05 04:57:20,1.3096,1.3098,1.3098,1.3095,0.0003
2007-01-05 05:00:01,1.3097,1.3099,1.3099,1.3096,0.0003
2007-01-05 05:03:21,1.3098,1.31,1.31,1.3097,0.0003
2007-01-05 05:06:19,1.3101,1.3099,1.3103,1.3099,0.0003
2007-01-05 05:09:07,1.31,1.31,1.3102,1.3099,0.0003
2007-01-05 05:12:02,1.3101,1.3099,1.3101,1.3099,0.0003
2007-01-05 05:15:42,1.31,1.3099,1.31,1.3099,0.0003
2007-01-05 05:18:03,1.31,1.31,1.31,1.3099,0.0003
2007-01-05 05:22:25,1.3099,1.31,1.3101,1.3099,0.0003
2007-01-05 05:25:00,1.3101,1.3105,1.3105,1.31,0.0003
2007-01-05 05:28:08,1.3104,1.3104,1.3106,1.3103,0.0003
2007-01-05 05:31:16,1.3103,1.3103,1.3104,1.3101,0.0003
2007-01-05 05:34:36,1.3102,1.31,1.3103,1.3099,0.0003
2007-01-05 05:37:04,1.3099,1.3102,1.3102,1.3097,0.0003
2007-01-05 05:40:07,1.3101,1.3106,1.3107,1.3101,0.0003
2007-01-05 05:43:05,1.3105,1.3103,1.3106,1.3101,0.0003
2007-01-05 05:46:03,1.3102,1.3102,1.3103,1.31,0.0003
2007-01-05 05:49:01,1.3103,1.3099,1.3103,1.3099,0.0003
2007-01-05 05:52:02,1.3098,1.31,1.31,1.3098,0.0003
2007-01-05 05:55:15,1.3099,1.31,1.3102,1.3099,0.0003
2007-01-05 05:58:06,1.3101,1.3101,1.3101,1.3099,0.0003
2007-01-05 06:01:22,1.3102,1.31,1.3103,1.31,0.0003
2007-01-05 06:04:09,1.3101,1.3098,1.3101,1.3098,0.0003
2007-01-05 06:07:01,1.3097,1.3096,1.3098,1.3095,0.0003
2007-01-05 06:10:01,1.3097,1.3097,1.3097,1.3092,0.0003
2007-01-05 06:13:14,1.3096,1.3099,1.31,1.3096,0.0003
2007-01-05 06:16:49,1.3098,1.3096,1.3099,1.3096,0.0003
2007-01-05 06:19:31,1.3095,1.3095,1.3097,1.3095,0.0003
2007-01-05 06:22:44,1.3096,1.3094,1.3096,1.3092,0.0003
2007-01-05 06:25:07,1.3095,1.3096,1.3097,1.3094,0.0003
2007-01-05 06:28:52,1.3097,1.3098,1.31,1.3096,0.0003
2007-01-05 06:31:00,1.3099,1.3099,1.3099,1.3097,0.0003
2007-01-05 06:34:57,1.3098,1.31,1.31,1.3098,0.0003
2007-01-05 06:37:44,1.3101,1.3101,1.3102,1.31,0.0003
2007-01-05 06:40:05,1.3102,1.31,1.3102,1.3099,0.0003
2007-01-05 06:43:33,1.3101,1.3098,1.3102,1.3098,0.0003
2007-01-05 06:46:06,1.3097,1.3096,1.3098,1.3096,0.0003
2007-01-05 06:49:07,1.3097,1.3091,1.3097,1.309,0.0003
2007-01-05 06:52:01,1.3092,1.3091,1.3092,1.309,0.0003
2007-01-05 06:55:13,1.309,1.3092,1.3093,1.309,0.0003
2007-01-05 06:58:43,1.3093,1.3091,1.3093,1.309,0.0003
2007-01-05 07:00:12,1.3092,1.309,1.3092,1.309,0.0003
2007-01-05 07:03:04,1.3091,1.3089,1.3092,1.3089,0.0003
2007-01-05 07:06:18,1.309,1.3089,1.309,1.3089,0.0003
2007-01-05 07:09:10,1.309,1.3087,1.309,1.3086,0.0003
2007-01-05 07:12:33,1.3086,1.3085,1.3087,1.3085,0.0003
2007-01-05 07:15:05,1.3086,1.3089,1.309,1.3085,0.0003
2007-01-05 07:18:16,1.309,1.3089,1.309,1.3088,0.0003
2007-01-05 07:21:01,1.3088,1.309,1.309,1.3088,0.0003
2007-01-05 07:24:04,1.3089,1.309,1.309,1.3088,0.0003
2007-01-05 07:27:07,1.3089,1.3085,1.309,1.3085,0.0003
2007-01-05 07:30:24,1.3086,1.3086,1.3088,1.3085,0.0003
2007-01-05 07:33:19,1.3085,1.3085,1.3086,1.3085,0.0003
2007-01-05 07:36:32,1.3084,1.3086,1.3086,1.3083,0.0003
2007-01-05 07:39:56,1.3087,1.3087,1.3087,1.3086,0.0003
2007-01-05 07:42:07,1.3086,1.3086,1.3087,1.3086,0.0003
2007-01-05 07:45:06,1.3087,1.3085,1.3088,1.3085,0.0003
2007-01-05 07:48:10,1.3086,1.3084,1.3086,1.3074,0.0003
2007-01-05 07:51:08,1.3085,1.3088,1.3088,1.3084,0.0003
2007-01-05 07:55:05,1.3087,1.309,1.3091,1.3087,0.0003
2007-01-05 07:58:03,1.3089,1.3091,1.3092,1.3089,0.0003
2007-01-05 08:00:02,1.3092,1.3091,1.3092,1.309,0.0003
2007-01-05 08:03:07,1.309,1.3086,1.3091,1.3086,0.0003
2007-01-05 08:06:06,1.3087,1.3087,1.3089,1.3086,0.0003
2007-01-05 08:09:00,1.3088,1.3086,1.3088,1.3086,0.0003
2007-01-05 08:12:20,1.3087,1.3086,1.3088,1.3085,0.0003
2007-01-05 08:15:07,1.3085,1.3086,1.3087,1.3085,0.0003
2007-01-05 08:18:03,1.3087,1.3092,1.3093,1.3086,0.0003
2007-01-05 08:21:19,1.3091,1.3087,1.3092,1.3087,0.0003
2007-01-05 08:24:02,1.3086,1.3088,1.3089,1.3082,0.0003
2007-01-05 08:27:00,1.3089,1.309,1.3091,1.3086,0.0003
2007-01-05 08:30:00,1.3091,1.3085,1.3092,1.3082,0.0003
2007-01-05 08:33:01,1.3084,1.3015,1.3089,1.3007,0.0003
2007-01-05 08:36:00,1.3014,1.3017,1.3018,1.3003,0.0003
2007-01-05 08:39:01,1.3016,1.3013,1.3022,1.301,0.0003
2007-01-05 08:42:00,1.3014,1.3007,1.3014,1.3002,0.0003
2007-01-05 08:45:05,1.3008,1.3007,1.3015,1.3005,0.0003
2007-01-05 08:48:08,1.3006,1.3011,1.3014,1.2998,0.0003
2007-01-05 08:51:00,1.301,1.3001,1.3011,1.2995,0.0003
2007-01-05 08:54:05,1.3002,1.3003,1.3008,1.3001,0.0003
2007-01-05 08:57:09,1.3004,1.3013,1.3015,1.3003,0.0003
2007-01-05 09:00:00,1.3012,1.3008,1.3013,1.3008,0.0003
2007-01-05 09:03:01,1.3007,1.3005,1.301,1.3002,0.0003
2007-01-05 09:06:00,1.3004,1.3001,1.3008,1.3,0.0003
2007-01-05 09:09:00,1.3002,1.3009,1.301,1.3,0.0003
2007-01-05 09:12:03,1.3008,1.3001,1.301,1.3,0.0003
2007-01-05 09:15:15,1.3002,1.3006,1.3007,1.3001,0.0003
2007-01-05 09:18:04,1.3007,1.301,1.301,1.3002,0.0003
2007-01-05 09:21:01,1.3009,1.3006,1.301,1.3005,0.0003
2007-01-05 09:24:11,1.3007,1.3008,1.3009,1.3004,0.0003
2007-01-05 09:27:04,1.3009,1.3008,1.301,1.3006,0.0003
2007-01-05 09:30:22,1.3009,1.3008,1.3009,1.3006,0.0003
2007-01-05 09:33:01,1.3007,1.3006,1.3009,1.3005,0.0003
2007-01-05 09:36:00,1.3007,1.3008,1.3009,1.3006,0.0003
2007-01-05 09:39:01,1.3009,1.3008,1.3009,1.3006,0.0003
2007-01-05 09:42:01,1.3007,1.3012,1.3012,1.3007,0.0003
2007-01-05 09:45:02,1.3013,1.3011,1.3014,1.3008,0.0003
2007-01-05 09:48:02,1.3012,1.3014,1.3017,1.3011,0.0003
2007-01-05 09:51:00,1.3013,1.3014,1.3016,1.3012,0.0003
2007-01-05 09:54:02,1.3015,1.3013,1.3015,1.301,0.0003
2007-01-05 09:57:00,1.3012,1.3014,1.3015,1.3012,0.0003
2007-01-05 10:00:10,1.3013,1.3016,1.3017,1.3012,0.0003
2007-01-05 10:03:53,1.3017,1.3013,1.3017,1.301,0.0003
2007-01-05 10:06:06,1.3014,1.3014,1.3015,1.301,0.0003
2007-01-05 10:09:03,1.3015,1.3012,1.3015,1.3006,0.0003
2007-01-05 10:12:00,1.3013,1.3011,1.3014,1.3009,0.0003
2007-01-05 10:15:44,1.3012,1.3012,1.3012,1.3008,0.0003
2007-01-05 10:18:02,1.3013,1.3017,1.3017,1.3012,0.0003
2007-01-05 10:21:01,1.3018,1.3016,1.302,1.3015,0.0003
2007-01-05 10:24:04,1.3015,1.3018,1.302,1.3015,0.0003
2007-01-05 10:27:01,1.3019,1.3015,1.3019,1.3015,0.0003
2007-01-05 10:30:40,1.3014,1.3017,1.3017,1.3014,0.0003
2007-01-05 10:33:31,1.3016,1.3014,1.3017,1.3013,0.0003
2007-01-05 10:36:00,1.3015,1.3018,1.302,1.3014,0.0003
2007-01-05 10:39:17,1.3017,1.3017,1.3021,1.3012,0.0003
2007-01-05 10:42:16,1.3016,1.3014,1.3017,1.3014,0.0003
2007-01-05 10:45:04,1.3015,1.3015,1.3017,1.3014,0.0003
2007-01-05 10:48:00,1.3016,1.3017,1.3017,1.3014,0.0003
2007-01-05 10:51:05,1.3018,1.3015,1.3018,1.3015,0.0003
2007-01-05 10:54:01,1.3014,1.3005,1.3015,1.3005,0.0003
2007-01-05 10:57:02,1.3004,1.3,1.3007,1.2999,0.0003
2007-01-05 11:00:09,1.3001,1.2995,1.3001,1.2993,0.0003
2007-01-05 11:03:15,1.2994,1.2994,1.2997,1.2993,0.0003
2007-01-05 11:06:17,1.2993,1.2989,1.2994,1.2985,0.0003
2007-01-05 11:09:08,1.2987,1.2992,1.2992,1.2983,0.0003
2007-01-05 11:12:03,1.2993,1.2994,1.2997,1.2991,0.0003
2007-01-05 11:15:13,1.2995,1.2995,1.2999,1.2994,0.0003
2007-01-05 11:18:03,1.2994,1.2998,1.2998,1.2993,0.0003
2007-01-05 11:21:02,1.2997,1.2999,1.3003,1.2996,0.0003
2007-01-05 11:24:00,1.3,1.2999,1.3007,1.2998,0.0003
2007-01-05 11:27:47,1.3,1.2999,1.3002,1.2998,0.0003
2007-01-05 11:30:07,1.2998,1.2994,1.3001,1.2994,0.0003
2007-01-05 11:33:13,1.2993,1.2999,1.3001,1.2993,0.0003
2007-01-05 11:36:00,1.3,1.3,1.3003,1.2997,0.0003
2007-01-05 11:39:08,1.2999,1.3002,1.3003,1.2997,0.0003
2007-01-05 11:42:31,1.3003,1.3004,1.3012,1.3001,0.0003
2007-01-05 11:45:03,1.3003,1.3001,1.3004,1.2998,0.0003
2007-01-05 11:48:33,1.3002,1.3001,1.3002,1.2999,0.0003
2007-01-05 11:51:09,1.3,1.3001,1.3002,1.3,0.0003
2007-01-05 11:54:02,1.3002,1.3004,1.3006,1.3001,0.0003
2007-01-05 11:57:36,1.3003,1.3006,1.3006,1.3003,0.0003
2007-01-05 12:00:03,1.3005,1.3006,1.3008,1.3005,0.0003
2007-01-05 12:03:25,1.3007,1.301,1.301,1.3006,0.0003
2007-01-05 12:06:38,1.3011,1.301,1.3011,1.3009,0.0003
2007-01-05 12:09:56,1.3009,1.301,1.301,1.3007,0.0003
2007-01-05 12:13:12,1.3011,1.3012,1.3013,1.301,0.0003
2007-01-05 12:16:15,1.3011,1.3009,1.3012,1.3009,0.0003
2007-01-05 12:19:52,1.301,1.3007,1.301,1.3007,0.0003
2007-01-05 12:22:04,1.3008,1.3011,1.3011,1.3007,0.0003
2007-01-05 12:25:06,1.3012,1.3016,1.3016,1.3011,0.0003
2007-01-05 12:28:08,1.3015,1.3012,1.3016,1.3012,0.0003
2007-01-05 12:31:07,1.3013,1.3011,1.3013,1.301,0.0003
2007-01-05 12:34:36,1.301,1.3007,1.3011,1.3007,0.0003
2007-01-05 12:37:09,1.3006,1.3,1.3007,1.3,0.0003
2007-01-05 12:40:22,1.3001,1.3001,1.3002,1.2997,0.0003
2007-01-05 12:44:06,1.3,1.3003,1.3003,1.3,0.0003
2007-01-05 12:48:25,1.3002,1.3002,1.3005,1.3001,0.0003
2007-01-05 12:51:04,1.3001,1.3004,1.3005,1.3001,0.0003
2007-01-05 12:54:21,1.3003,1.3005,1.3005,1.3002,0.0003
2007-01-05 12:58:04,1.3004,1.3007,1.3007,1.3004,0.0003
2007-01-05 13:00:10,1.3006,1.3004,1.3007,1.3004,0.0003
2007-01-05 13:04:42,1.3005,1.3004,1.3005,1.3002,0.0003
2007-01-05 13:07:26,1.3003,1.3004,1.3004,1.3003,0.0003
2007-01-05 13:10:32,1.3003,1.3003,1.3004,1.3003,0.0003
2007-01-05 13:13:42,1.3002,1.3001,1.3003,1.3001,0.0003
2007-01-05 13:16:02,1.3002,1.3001,1.3002,1.3001,0.0003
2007-01-05 13:20:23,1.3002,1.3002,1.3002,1.3001,0.0003
2007-01-05 13:23:36,1.3001,1.3,1.3002,1.3,0.0003
2007-01-05 13:26:55,1.3001,1.3,1.3001,1.3,0.0003
2007-01-05 13:29:10,1.3001,1.2999,1.3001,1.2999,0.0003
2007-01-05 13:32:03,1.3,1.3001,1.3002,1.2999,0.0003
2007-01-05 13:35:58,1.3002,1.3002,1.3002,1.3,0.0003
2007-01-05 13:38:16,1.3001,1.3002,1.3002,1.3001,0.0003
2007-01-05 13:41:04,1.3001,1.3002,1.3003,1.3001,0.0003
2007-01-05 13:44:18,1.3003,1.3002,1.3003,1.3002,0.0003
2007-01-05 13:48:42,1.3003,1.3005,1.3005,1.3002,0.0003
2007-01-05 13:51:04,1.3004,1.3004,1.3005,1.3004,0.0003
2007-01-05 13:55:52,1.3005,1.3006,1.3006,1.3004,0.0003
2007-01-05 13:58:20,1.3005,1.3006,1.3006,1.3005,0.0003
2007-01-05 14:00:09,1.3007,1.3006,1.3009,1.3006,0.0003
2007-01-05 14:03:11,1.3007,1.3008,1.3008,1.3006,0.0003
2007-01-05 14:06:55,1.3009,1.3011,1.3011,1.3008,0.0003
2007-01-05 14:09:12,1.301,1.3009,1.3012,1.3009,0.0003
2007-01-05 14:12:32,1.301,1.3009,1.301,1.3007,0.0003
2007-01-05 14:15:00,1.3008,1.3011,1.3011,1.3008,0.0003
2007-01-05 14:18:10,1.3012,1.301,1.3012,1.301,0.0003
2007-01-05 14:21:08,1.3011,1.3011,1.3012,1.301,0.0003
2007-01-05 14:24:02,1.3012,1.3011,1.3012,1.301,0.0003
2007-01-05 14:27:12,1.3012,1.3014,1.3015,1.3011,0.0003
2007-01-05 14:30:36,1.3015,1.3013,1.3015,1.3013,0.0003
2007-01-05 14:34:19,1.3014,1.3012,1.3014,1.3012,0.0003
2007-01-05 14:38:01,1.3011,1.3012,1.3012,1.3011,0.0003
2007-01-05 14:41:28,1.3011,1.3011,1.3012,1.301,0.0003
2007-01-05 14:44:06,1.3012,1.301,1.3012,1.301,0.0003
2007-01-05 14:47:32,1.3011,1.3011,1.3011,1.301,0.0003
2007-01-05 14:50:46,1.301,1.3013,1.3013,1.301,0.0003
2007-01-05 14:53:12,1.3012,1.3015,1.3015,1.3012,0.0003
2007-01-05 14:56:16,1.3014,1.3013,1.3015,1.3013,0.0003
2007-01-05 14:59:12,1.3014,1.3012,1.3014,1.3012,0.0003
2007-01-05 15:00:01,1.3013,1.3013,1.3014,1.3012,0.0003
2007-01-05 15:03:10,1.3012,1.3012,1.3013,1.3011,0.0003
2007-01-05 15:09:07,1.3011,1.3011,1.3012,1.301,0.0003
2007-01-05 15:13:13,1.301,1.3009,1.3011,1.3009,0.0003
2007-01-05 15:17:14,1.301,1.3013,1.3014,1.3009,0.0003
2007-01-05 15:22:11,1.3012,1.3013,1.3013,1.3012,0.0003
2007-01-05 15:25:08,1.3012,1.3013,1.3013,1.3012,0.0003
2007-01-05 15:28:11,1.3012,1.3013,1.3013,1.3012,0.0003
2007-01-05 15:31:13,1.3012,1.301,1.3013,1.301,0.0003
2007-01-05 15:34:25,1.3011,1.3008,1.3011,1.3008,0.0003
2007-01-05 15:37:27,1.3009,1.3008,1.3009,1.3008,0.0003
2007-01-05 15:40:54,1.3009,1.301,1.301,1.3008,0.0003
2007-01-05 15:45:58,1.3011,1.3011,1.3011,1.301,0.0003
2007-01-05 15:51:01,1.301,1.3007,1.3011,1.3007,0.0003
2007-01-05 15:54:17,1.3008,1.3007,1.3008,1.3007,0.0003
2007-01-05 15:57:00,1.3006,1.3006,1.3007,1.3006,0.0003
2007-01-05 16:00:03,1.3007,1.3005,1.3007,1.3004,0.0003
2007-01-05 16:03:20,1.3004,1.3005,1.3005,1.3003,0.0003
2007-01-05 16:06:07,1.3004,1.3004,1.3005,1.3003,0.0003
2007-01-05 16:09:36,1.3005,1.3004,1.3005,1.3004,0.0003
2007-01-05 16:12:22,1.3005,1.3005,1.3006,1.3004,0.0003
2007-01-05 16:15:58,1.3004,1.3005,1.3005,1.3004,0.0003
2007-01-05 16:18:31,1.3004,1.3005,1.3006,1.3004,0.0003
2007-01-05 16:21:02,1.3006,1.3009,1.3009,1.3005,0.0003
2007-01-05 16:24:22,1.3008,1.3011,1.3011,1.3007,0.0003
2007-01-05 16:27:19,1.301,1.3013,1.3013,1.301,0.0003
2007-01-05 16:30:00,1.3012,1.301,1.3013,1.301,0.0003
